timestamp,market,outcome,entry_price,size_usdc,tokens,market_end_ts,payout_price,pnl_usdc,settled_at,result
2026-03-18T04:11:58.812501+00:00,"March 18, 12:10AM-12:15AM ET",Up,0.5068023866327659,5.95685,11.75379232046986,1773807300,1.0,11.632630364894274,2026-03-18T04:15:27.341218+00:00,WIN
2026-03-18T04:11:59.313507+00:00,"March 18, 12:10AM-12:15AM ET",Up,0.5051372297939235,5.95685,11.792538044424413,1773807300,1.0,11.632630364894274,2026-03-18T04:15:27.341218+00:00,WIN
2026-03-18T04:11:59.814310+00:00,"March 18, 12:10AM-12:15AM ET",Down,0.49898750334210273,5.82315,11.669931533350816,1773807300,0.0,-11.6463,2026-03-18T04:15:27.342333+00:00,LOSS
2026-03-18T04:12:00.329980+00:00,"March 18, 12:10AM-12:15AM ET",Down,0.4970847069195138,5.82315,11.714603002145596,1773807300,0.0,-11.6463,2026-03-18T04:15:27.342333+00:00,LOSS
2026-03-18T04:12:00.946799+00:00,"March 18, 12:15AM-12:20AM ET",Up,0.5109675137195576,5.95685,11.657981848273415,1773807600,0.0,-36.0085,2026-03-18T04:21:43.655056+00:00,LOSS
2026-03-18T04:12:01.453363+00:00,"March 18, 12:15AM-12:20AM ET",Up,0.5104828233353762,5.95685,11.669050803863147,1773807600,0.0,-36.0085,2026-03-18T04:21:43.655056+00:00,LOSS
2026-03-18T04:12:01.962350+00:00,"March 18, 12:15AM-12:20AM ET",Down,0.503005198852157,5.82315,11.576719312818748,1773807600,1.0,35.18027437739534,2026-03-18T04:21:43.656036+00:00,WIN
2026-03-18T04:12:02.463097+00:00,"March 18, 12:15AM-12:20AM ET",Down,0.5050797837689018,5.82315,11.529168632622147,1773807600,1.0,35.18027437739534,2026-03-18T04:21:43.656036+00:00,WIN
2026-03-18T04:12:03.079922+00:00,"March 18, 12:10AM-12:15AM ET",Up,0.47128629456827087,5.4889,11.646636159933724,1773807300,1.0,12.226002045909167,2026-03-18T04:15:28.491318+00:00,WIN
2026-03-18T04:12:03.582957+00:00,"March 18, 12:10AM-12:15AM ET",Up,0.4749347767570551,5.4889,11.557165885975444,1773807300,1.0,12.226002045909167,2026-03-18T04:15:28.491318+00:00,WIN
2026-03-18T04:12:04.095717+00:00,"March 18, 12:10AM-12:15AM ET",Down,0.5346192327472842,6.2911,11.767440478471935,1773807300,0.0,-12.5822,2026-03-18T04:15:28.492401+00:00,LOSS
2026-03-18T04:12:04.597525+00:00,"March 18, 12:10AM-12:15AM ET",Down,0.5330648278035612,6.2911,11.801754067927968,1773807300,0.0,-12.5822,2026-03-18T04:15:28.492401+00:00,LOSS
2026-03-18T04:12:05.214696+00:00,"March 18, 12:15AM-12:20AM ET",Up,0.5155797092865195,6.09055,11.813013371741015,1773807600,0.0,-35.4737,2026-03-18T04:21:45.007112+00:00,LOSS
2026-03-18T04:12:05.730122+00:00,"March 18, 12:15AM-12:20AM ET",Up,0.5178284571588816,6.09055,11.761713586418988,1773807600,0.0,-35.4737,2026-03-18T04:21:45.007112+00:00,LOSS
2026-03-18T04:12:06.231651+00:00,"March 18, 12:15AM-12:20AM ET",Down,0.4883187556864847,5.68945,11.651098659935146,1773807600,1.0,34.68801274200288,2026-03-18T04:21:45.008156+00:00,WIN
2026-03-18T04:12:06.746945+00:00,"March 18, 12:15AM-12:20AM ET",Down,0.4870062743954489,5.68945,11.682498356027686,1773807600,1.0,34.68801274200288,2026-03-18T04:21:45.008156+00:00,WIN
2026-03-18T04:12:07.377098+00:00,"March 18, 12:10AM-12:15AM ET",Up,0.4536220169721375,5.2215,11.51068467719616,1773807300,0.0,-10.443,2026-03-18T04:15:29.942695+00:00,LOSS
2026-03-18T04:12:07.880822+00:00,"March 18, 12:10AM-12:15AM ET",Up,0.45103451382595117,5.2215,11.576719386079874,1773807300,0.0,-10.443,2026-03-18T04:15:29.942695+00:00,LOSS
2026-03-18T04:12:08.392837+00:00,"March 18, 12:10AM-12:15AM ET",Down,0.5538772414199057,6.5585,11.841071467725946,1773807300,1.0,10.621220346388299,2026-03-18T04:15:29.943809+00:00,WIN
2026-03-18T04:12:08.897004+00:00,"March 18, 12:10AM-12:15AM ET",Down,0.551266531745495,6.5585,11.897148878662353,1773807300,1.0,10.621220346388299,2026-03-18T04:15:29.943809+00:00,WIN
2026-03-18T04:12:09.526328+00:00,"March 18, 12:15AM-12:20AM ET",Up,0.49758937016982663,5.7563,11.568374135555553,1773807600,0.0,-24.4263,2026-03-18T04:21:42.442387+00:00,LOSS
2026-03-18T04:12:10.030381+00:00,"March 18, 12:15AM-12:20AM ET",Up,0.49451214355042333,5.7563,11.640361263268057,1773807600,0.0,-24.4263,2026-03-18T04:21:42.442387+00:00,LOSS
2026-03-18T04:12:10.533155+00:00,"March 18, 12:15AM-12:20AM ET",Down,0.5166564712880019,6.0237,11.659004260574111,1773807600,1.0,25.055103061011913,2026-03-18T04:21:42.443458+00:00,WIN
2026-03-18T04:12:11.045975+00:00,"March 18, 12:15AM-12:20AM ET",Down,0.510159486612554,6.0237,11.807484047777324,1773807600,1.0,25.055103061011913,2026-03-18T04:21:42.443458+00:00,WIN
2026-03-18T04:15:13.817860+00:00,"March 18, 12:15AM-12:20AM ET",Up,0.5140394554491778,5.95685,11.588312797496812,1773807600,0.0,-36.0085,2026-03-18T04:21:43.655056+00:00,LOSS
2026-03-18T04:15:14.320249+00:00,"March 18, 12:15AM-12:20AM ET",Up,0.5050388863817603,5.95685,11.794834339740724,1773807600,0.0,-36.0085,2026-03-18T04:21:43.655056+00:00,LOSS
2026-03-18T04:15:14.835656+00:00,"March 18, 12:15AM-12:20AM ET",Down,0.497992998063812,5.82315,11.69323669738391,1773807600,1.0,35.18027437739534,2026-03-18T04:21:43.656036+00:00,WIN
2026-03-18T04:15:15.336641+00:00,"March 18, 12:15AM-12:20AM ET",Down,0.4987637759685809,5.82315,11.67516624215874,1773807600,1.0,35.18027437739534,2026-03-18T04:21:43.656036+00:00,WIN
2026-03-18T04:15:15.952261+00:00,"March 18, 12:20AM-12:25AM ET",Up,0.5067655855185054,5.95685,11.75464587617005,1773807900,,,,OPEN
2026-03-18T04:15:16.453629+00:00,"March 18, 12:20AM-12:25AM ET",Up,0.5066320598308437,5.95685,11.757743878247453,1773807900,,,,OPEN
2026-03-18T04:15:16.968997+00:00,"March 18, 12:20AM-12:25AM ET",Down,0.49891670587442455,5.82315,11.67158752440265,1773807900,,,,OPEN
2026-03-18T04:15:17.482824+00:00,"March 18, 12:20AM-12:25AM ET",Down,0.5006037733204317,5.82315,11.632253511346702,1773807900,,,,OPEN
2026-03-18T04:15:18.103494+00:00,"March 18, 12:15AM-12:20AM ET",Up,0.4858727627921358,5.68945,11.709752914126693,1773807600,0.0,-35.4737,2026-03-18T04:21:45.007112+00:00,LOSS
2026-03-18T04:15:18.616993+00:00,"March 18, 12:15AM-12:20AM ET",Up,0.49190176788076584,5.68945,11.566232063998376,1773807600,0.0,-35.4737,2026-03-18T04:21:45.007112+00:00,LOSS
2026-03-18T04:15:19.118089+00:00,"March 18, 12:15AM-12:20AM ET",Down,0.5263355358162057,6.09055,11.571610855716184,1773807600,1.0,34.68801274200288,2026-03-18T04:21:45.008156+00:00,WIN
2026-03-18T04:15:19.620498+00:00,"March 18, 12:15AM-12:20AM ET",Down,0.5247729649732432,6.09055,11.606066635522167,1773807600,1.0,34.68801274200288,2026-03-18T04:21:45.008156+00:00,WIN
2026-03-18T04:15:20.237175+00:00,"March 18, 12:20AM-12:25AM ET",Up,0.4900846125366038,5.68945,11.609117802234735,1773807900,,,,OPEN
2026-03-18T04:15:20.752429+00:00,"March 18, 12:20AM-12:25AM ET",Up,0.485906124334314,5.68945,11.708948941103557,1773807900,,,,OPEN
2026-03-18T04:15:21.268098+00:00,"March 18, 12:20AM-12:25AM ET",Down,0.5208876328531564,6.09055,11.692636983218584,1773807900,,,,OPEN
2026-03-18T04:15:21.769164+00:00,"March 18, 12:20AM-12:25AM ET",Down,0.5168564262441712,6.09055,11.783833364050558,1773807900,,,,OPEN
2026-03-18T04:15:22.399906+00:00,"March 18, 12:15AM-12:20AM ET",Up,0.5059241261887238,5.95685,11.774196350102365,1773807600,0.0,-24.4263,2026-03-18T04:21:42.442387+00:00,LOSS
2026-03-18T04:15:22.902502+00:00,"March 18, 12:15AM-12:20AM ET",Up,0.5086531769558128,5.95685,11.71102485912022,1773807600,0.0,-24.4263,2026-03-18T04:21:42.442387+00:00,LOSS
2026-03-18T04:15:23.416147+00:00,"March 18, 12:15AM-12:20AM ET",Down,0.5033577107227786,5.82315,11.568611895581087,1773807600,1.0,25.055103061011913,2026-03-18T04:21:42.443458+00:00,WIN
2026-03-18T04:15:23.920292+00:00,"March 18, 12:15AM-12:20AM ET",Down,0.4986938429219585,5.82315,11.67680347902606,1773807600,1.0,25.055103061011913,2026-03-18T04:21:42.443458+00:00,WIN
2026-03-18T04:15:24.549344+00:00,"March 18, 12:20AM-12:25AM ET",Up,0.5119729586761842,6.0237,11.765660466864436,1773807900,,,,OPEN
2026-03-18T04:15:25.054244+00:00,"March 18, 12:20AM-12:25AM ET",Up,0.5104896266882516,6.0237,11.799847999024246,1773807900,,,,OPEN
2026-03-18T04:15:25.566541+00:00,"March 18, 12:20AM-12:25AM ET",Down,0.4965092706272904,5.7563,11.593539819966471,1773807900,,,,OPEN
2026-03-18T04:15:26.070916+00:00,"March 18, 12:20AM-12:25AM ET",Down,0.4928685139450564,5.7563,11.679179815981707,1773807900,,,,OPEN
2026-03-18T04:18:26.806774+00:00,"March 18, 12:15AM-12:20AM ET",Up,0.5174469909782492,6.09055,11.770384418480493,1773807600,0.0,-36.0085,2026-03-18T04:21:43.655056+00:00,LOSS
2026-03-18T04:18:27.309895+00:00,"March 18, 12:15AM-12:20AM ET",Up,0.5167097693307166,6.09055,11.78717795076521,1773807600,0.0,-36.0085,2026-03-18T04:21:43.655056+00:00,LOSS
2026-03-18T04:18:27.825131+00:00,"March 18, 12:15AM-12:20AM ET",Down,0.4880442860166476,5.68945,11.657651084159866,1773807600,1.0,35.18027437739534,2026-03-18T04:21:43.656036+00:00,WIN
2026-03-18T04:18:28.326684+00:00,"March 18, 12:15AM-12:20AM ET",Down,0.485454894047295,5.68945,11.71983240825194,1773807600,1.0,35.18027437739534,2026-03-18T04:21:43.656036+00:00,WIN
2026-03-18T04:18:28.942134+00:00,"March 18, 12:20AM-12:25AM ET",Up,0.5073638405016174,5.95685,11.740785457060987,1773807900,,,,OPEN
2026-03-18T04:18:29.456009+00:00,"March 18, 12:20AM-12:25AM ET",Up,0.5115896410568369,5.95685,11.643804959956572,1773807900,,,,OPEN
2026-03-18T04:18:29.958814+00:00,"March 18, 12:20AM-12:25AM ET",Down,0.4954251434358935,5.82315,11.75384430353099,1773807900,,,,OPEN
2026-03-18T04:18:30.464031+00:00,"March 18, 12:20AM-12:25AM ET",Down,0.4989796799315702,5.82315,11.670114504058729,1773807900,,,,OPEN
2026-03-18T04:18:31.075065+00:00,"March 18, 12:15AM-12:20AM ET",Up,0.5054021856207594,5.95685,11.786355835963606,1773807600,0.0,-35.4737,2026-03-18T04:21:45.007112+00:00,LOSS
2026-03-18T04:18:31.590254+00:00,"March 18, 12:15AM-12:20AM ET",Up,0.506865859272565,5.95685,11.752320443418796,1773807600,0.0,-35.4737,2026-03-18T04:21:45.007112+00:00,LOSS
2026-03-18T04:18:32.092241+00:00,"March 18, 12:15AM-12:20AM ET",Down,0.49854006428341385,5.82315,11.68040528170994,1773807600,1.0,34.68801274200288,2026-03-18T04:21:45.008156+00:00,WIN
2026-03-18T04:18:32.594104+00:00,"March 18, 12:15AM-12:20AM ET",Down,0.49759315047658237,5.82315,11.702632953091761,1773807600,1.0,34.68801274200288,2026-03-18T04:21:45.008156+00:00,WIN
2026-03-18T04:18:33.209705+00:00,"March 18, 12:20AM-12:25AM ET",Up,0.48597294039709765,5.68945,11.707339086310121,1773807900,,,,OPEN
2026-03-18T04:18:33.711438+00:00,"March 18, 12:20AM-12:25AM ET",Up,0.4877896187918153,5.68945,11.663737358929344,1773807900,,,,OPEN
2026-03-18T04:18:34.225196+00:00,"March 18, 12:20AM-12:25AM ET",Down,0.5190139231559526,6.09055,11.734848966989889,1773807900,,,,OPEN
2026-03-18T04:18:34.726538+00:00,"March 18, 12:20AM-12:25AM ET",Down,0.5151262585533449,6.09055,11.823412025440907,1773807900,,,,OPEN
2026-03-18T04:18:35.357071+00:00,"March 18, 12:15AM-12:20AM ET",Up,0.08527596638074578,1.0,11.726633451858334,1773807600,0.0,-24.4263,2026-03-18T04:21:42.442387+00:00,LOSS
2026-03-18T04:18:35.859040+00:00,"March 18, 12:15AM-12:20AM ET",Down,0.9200995240001595,11.43855,12.431861664562732,1773807600,1.0,25.055103061011913,2026-03-18T04:21:42.443458+00:00,WIN
2026-03-18T04:18:36.360057+00:00,"March 18, 12:15AM-12:20AM ET",Down,0.9163935106754432,11.43855,12.4821377134906,1773807600,1.0,25.055103061011913,2026-03-18T04:21:42.443458+00:00,WIN
2026-03-18T04:18:36.975268+00:00,"March 18, 12:20AM-12:25AM ET",Up,0.5133165468712844,6.0237,11.734864260104322,1773807900,,,,OPEN
2026-03-18T04:18:37.489771+00:00,"March 18, 12:20AM-12:25AM ET",Up,0.5111549461338679,6.0237,11.784489312996758,1773807900,,,,OPEN
2026-03-18T04:18:37.992486+00:00,"March 18, 12:20AM-12:25AM ET",Down,0.4932252790869833,5.7563,11.670731902986752,1773807900,,,,OPEN
2026-03-18T04:18:38.506099+00:00,"March 18, 12:20AM-12:25AM ET",Down,0.49041104170207117,5.7563,11.737704722188944,1773807900,,,,OPEN
2026-03-18T04:21:28.646353+00:00,"March 18, 12:20AM-12:25AM ET",Up,0.5112274237466119,5.95685,11.652054884583993,1773807900,,,,OPEN
2026-03-18T04:21:29.148298+00:00,"March 18, 12:20AM-12:25AM ET",Up,0.5064573357743343,5.95685,11.761800213422589,1773807900,,,,OPEN
2026-03-18T04:21:29.649360+00:00,"March 18, 12:20AM-12:25AM ET",Down,0.50220073624535,5.82315,11.595263765513682,1773807900,,,,OPEN
2026-03-18T04:21:30.165641+00:00,"March 18, 12:20AM-12:25AM ET",Down,0.49885548440265093,5.82315,11.673019906702775,1773807900,,,,OPEN
2026-03-18T04:21:30.783734+00:00,"March 18, 12:25AM-12:30AM ET",Up,0.5157629281088555,5.95685,11.549589308099252,1773808200,0.0,-35.7411,2026-03-18T04:31:23.443798+00:00,LOSS
2026-03-18T04:21:31.297399+00:00,"March 18, 12:25AM-12:30AM ET",Up,0.5087046310440674,5.95685,11.709840320844215,1773808200,0.0,-35.7411,2026-03-18T04:31:23.443798+00:00,LOSS
2026-03-18T04:21:31.799976+00:00,"March 18, 12:25AM-12:30AM ET",Down,0.5016179152823664,5.82315,11.60873609691967,1773808200,1.0,35.19304758563178,2026-03-18T04:31:23.444738+00:00,WIN
2026-03-18T04:21:32.314652+00:00,"March 18, 12:25AM-12:30AM ET",Down,0.49855767476718954,5.82315,11.679992696370032,1773808200,1.0,35.19304758563178,2026-03-18T04:31:23.444738+00:00,WIN
2026-03-18T04:21:32.931803+00:00,"March 18, 12:20AM-12:25AM ET",Up,0.46772962833952897,5.42205,11.592273979411214,1773807900,,,,OPEN
2026-03-18T04:21:33.434230+00:00,"March 18, 12:20AM-12:25AM ET",Up,0.465270192743292,5.42205,11.653551172128406,1773807900,,,,OPEN
2026-03-18T04:21:33.947490+00:00,"March 18, 12:20AM-12:25AM ET",Down,0.539166150366949,6.35795,11.792190581090573,1773807900,,,,OPEN
2026-03-18T04:21:34.462251+00:00,"March 18, 12:20AM-12:25AM ET",Down,0.5380013377016869,6.35795,11.817721545379095,1773807900,,,,OPEN
2026-03-18T04:21:35.081869+00:00,"March 18, 12:25AM-12:30AM ET",Up,0.5148013249114397,6.0237,11.701018836803199,1773808200,0.0,-35.741099999999996,2026-03-18T04:31:17.201028+00:00,LOSS
2026-03-18T04:21:35.584524+00:00,"March 18, 12:25AM-12:30AM ET",Up,0.5142462113134588,6.0237,11.713649741073645,1773808200,0.0,-35.741099999999996,2026-03-18T04:31:17.201028+00:00,LOSS
2026-03-18T04:21:36.099352+00:00,"March 18, 12:25AM-12:30AM ET",Down,0.492515109435655,5.7563,11.687560218397799,1773808200,1.0,34.79256943994504,2026-03-18T04:31:17.202207+00:00,WIN
2026-03-18T04:21:36.600128+00:00,"March 18, 12:25AM-12:30AM ET",Down,0.4984749462939011,5.7563,11.547822097775166,1773808200,1.0,34.79256943994504,2026-03-18T04:31:17.202207+00:00,WIN
2026-03-18T04:21:37.216563+00:00,"March 18, 12:20AM-12:25AM ET",Up,0.5362538787763756,6.35795,11.856231258424783,1773807900,,,,OPEN
2026-03-18T04:21:37.730901+00:00,"March 18, 12:20AM-12:25AM ET",Up,0.5361098898886977,6.35795,11.859415615929004,1773807900,,,,OPEN
2026-03-18T04:21:38.231716+00:00,"March 18, 12:20AM-12:25AM ET",Down,0.4654110083959969,5.42205,11.650025251200388,1773807900,,,,OPEN
2026-03-18T04:21:38.732722+00:00,"March 18, 12:20AM-12:25AM ET",Down,0.46647822504992575,5.42205,11.623372129362938,1773807900,,,,OPEN
2026-03-18T04:21:39.349659+00:00,"March 18, 12:25AM-12:30AM ET",Up,0.5031081275820825,5.89,11.7072249027403,1773808200,0.0,-39.8858,2026-03-18T04:31:15.857720+00:00,LOSS
2026-03-18T04:21:39.865300+00:00,"March 18, 12:25AM-12:30AM ET",Up,0.5086723275399704,5.89,11.579163404632379,1773808200,0.0,-39.8858,2026-03-18T04:31:15.857720+00:00,LOSS
2026-03-18T04:21:40.379922+00:00,"March 18, 12:25AM-12:30AM ET",Down,0.501703647723262,5.89,11.739998357055804,1773808200,1.0,37.806363030074166,2026-03-18T04:31:15.858651+00:00,WIN
2026-03-18T04:21:40.882026+00:00,"March 18, 12:25AM-12:30AM ET",Down,0.5016326985987964,5.89,11.741658820193448,1773808200,1.0,37.806363030074166,2026-03-18T04:31:15.858651+00:00,WIN
2026-03-18T04:24:41.552029+00:00,"March 18, 12:20AM-12:25AM ET",Up,0.6452741127970741,7.82865,12.132285868504932,1773807900,,,,OPEN
2026-03-18T04:24:42.064786+00:00,"March 18, 12:20AM-12:25AM ET",Up,0.6511960313378693,7.82865,12.021955944535156,1773807900,,,,OPEN
2026-03-18T04:24:42.569039+00:00,"March 18, 12:20AM-12:25AM ET",Down,0.3578315982886811,3.95135,11.042484841744589,1773807900,,,,OPEN
2026-03-18T04:24:43.072923+00:00,"March 18, 12:20AM-12:25AM ET",Down,0.36194208925246546,3.95135,10.917077945151096,1773807900,,,,OPEN
2026-03-18T04:24:43.688294+00:00,"March 18, 12:25AM-12:30AM ET",Up,0.5082376613673336,5.95685,11.720599343177424,1773808200,0.0,-35.7411,2026-03-18T04:31:23.443798+00:00,LOSS
2026-03-18T04:24:44.189333+00:00,"March 18, 12:25AM-12:30AM ET",Up,0.5089203074091517,5.95685,11.704877783961035,1773808200,0.0,-35.7411,2026-03-18T04:31:23.443798+00:00,LOSS
2026-03-18T04:24:44.703993+00:00,"March 18, 12:25AM-12:30AM ET",Down,0.49934995982485325,5.82315,11.661460836088716,1773808200,1.0,35.19304758563178,2026-03-18T04:31:23.444738+00:00,WIN
2026-03-18T04:24:45.205613+00:00,"March 18, 12:25AM-12:30AM ET",Down,0.4971684902126392,5.82315,11.712628846428775,1773808200,1.0,35.19304758563178,2026-03-18T04:31:23.444738+00:00,WIN
2026-03-18T04:24:45.820768+00:00,"March 18, 12:20AM-12:25AM ET",Up,0.07476514844100952,1.0,13.375215870654097,1773807900,,,,OPEN
2026-03-18T04:24:46.321841+00:00,"March 18, 12:20AM-12:25AM ET",Down,0.9417263472992092,11.70595,12.430309541165185,1773807900,,,,OPEN
2026-03-18T04:24:46.823725+00:00,"March 18, 12:20AM-12:25AM ET",Down,0.9356013133269,11.70595,12.511686156547677,1773807900,,,,OPEN
2026-03-18T04:24:47.453011+00:00,"March 18, 12:25AM-12:30AM ET",Up,0.4956308233224804,5.82315,11.748966621898713,1773808200,0.0,-35.741099999999996,2026-03-18T04:31:17.201028+00:00,LOSS
2026-03-18T04:24:47.955602+00:00,"March 18, 12:25AM-12:30AM ET",Up,0.49659161484177633,5.82315,11.726235051019474,1773808200,0.0,-35.741099999999996,2026-03-18T04:31:17.201028+00:00,LOSS
2026-03-18T04:24:48.469054+00:00,"March 18, 12:25AM-12:30AM ET",Down,0.5080237062414481,5.95685,11.725535495323701,1773808200,1.0,34.79256943994504,2026-03-18T04:31:17.202207+00:00,WIN
2026-03-18T04:24:48.971849+00:00,"March 18, 12:25AM-12:30AM ET",Down,0.5123185608715956,5.95685,11.62723831411798,1773808200,1.0,34.79256943994504,2026-03-18T04:31:17.202207+00:00,WIN
2026-03-18T04:24:49.603277+00:00,"March 18, 12:20AM-12:25AM ET",Up,0.5920591623155403,7.02645,11.867817352103106,1773807900,,,,OPEN
2026-03-18T04:24:50.105858+00:00,"March 18, 12:20AM-12:25AM ET",Up,0.5868326639713359,7.02645,11.97351550346422,1773807900,,,,OPEN
2026-03-18T04:24:50.621984+00:00,"March 18, 12:20AM-12:25AM ET",Down,0.4217258170924299,4.75355,11.271659944304906,1773807900,,,,OPEN
2026-03-18T04:24:51.124119+00:00,"March 18, 12:20AM-12:25AM ET",Down,0.4164867252070966,4.75355,11.413449006415062,1773807900,,,,OPEN
2026-03-18T04:24:51.739390+00:00,"March 18, 12:25AM-12:30AM ET",Up,0.5184226254714516,6.09055,11.748233392516921,1773808200,0.0,-39.8858,2026-03-18T04:31:15.857720+00:00,LOSS
2026-03-18T04:24:52.240024+00:00,"March 18, 12:25AM-12:30AM ET",Up,0.5180731751032733,6.09055,11.756157802970407,1773808200,0.0,-39.8858,2026-03-18T04:31:15.857720+00:00,LOSS
2026-03-18T04:24:52.755785+00:00,"March 18, 12:25AM-12:30AM ET",Down,0.4928301832299922,5.68945,11.544443083237189,1773808200,1.0,37.806363030074166,2026-03-18T04:31:15.858651+00:00,WIN
2026-03-18T04:24:53.270949+00:00,"March 18, 12:25AM-12:30AM ET",Down,0.4851289034672145,5.68945,11.727707748059375,1773808200,1.0,37.806363030074166,2026-03-18T04:31:15.858651+00:00,WIN
2026-03-18T04:27:48.435237+00:00,"March 18, 12:25AM-12:30AM ET",Up,0.5056435250327397,5.95685,11.78073030721456,1773808200,0.0,-35.7411,2026-03-18T04:31:23.443798+00:00,LOSS
2026-03-18T04:27:48.943690+00:00,"March 18, 12:25AM-12:30AM ET",Up,0.5108962313489005,5.95685,11.659608418469537,1773808200,0.0,-35.7411,2026-03-18T04:31:23.443798+00:00,LOSS
2026-03-18T04:27:49.458312+00:00,"March 18, 12:25AM-12:30AM ET",Down,0.49591614028193076,5.82315,11.742207052768055,1773808200,1.0,35.19304758563178,2026-03-18T04:31:23.444738+00:00,WIN
2026-03-18T04:27:49.960379+00:00,"March 18, 12:25AM-12:30AM ET",Down,0.49656252268650397,5.82315,11.726922057056536,1773808200,1.0,35.19304758563178,2026-03-18T04:31:23.444738+00:00,WIN
2026-03-18T04:27:50.592668+00:00,"March 18, 12:30AM-12:35AM ET",Up,0.5119140102143834,5.95685,11.636426980197989,1773808500,,,,OPEN
2026-03-18T04:27:51.095270+00:00,"March 18, 12:30AM-12:35AM ET",Up,0.5063818152915526,5.95685,11.763554338084408,1773808500,,,,OPEN
2026-03-18T04:27:51.611416+00:00,"March 18, 12:30AM-12:35AM ET",Down,0.49745798830237287,5.82315,11.70581262524722,1773808500,,,,OPEN
2026-03-18T04:27:52.112067+00:00,"March 18, 12:30AM-12:35AM ET",Down,0.4992194337140921,5.82315,11.664509846255255,1773808500,,,,OPEN
2026-03-18T04:27:52.728156+00:00,"March 18, 12:25AM-12:30AM ET",Up,0.5131485182103072,6.0237,11.738706799755906,1773808200,0.0,-35.741099999999996,2026-03-18T04:31:17.201028+00:00,LOSS
2026-03-18T04:27:53.229379+00:00,"March 18, 12:25AM-12:30AM ET",Up,0.5110680296769332,6.0237,11.786493480736457,1773808200,0.0,-35.741099999999996,2026-03-18T04:31:17.201028+00:00,LOSS
2026-03-18T04:27:53.745372+00:00,"March 18, 12:25AM-12:30AM ET",Down,0.5008572975797524,5.7563,11.492894338997656,1773808200,1.0,34.79256943994504,2026-03-18T04:31:17.202207+00:00,WIN
2026-03-18T04:27:54.259459+00:00,"March 18, 12:25AM-12:30AM ET",Down,0.49408523523383435,5.7563,11.650418975332732,1773808200,1.0,34.79256943994504,2026-03-18T04:31:17.202207+00:00,WIN
2026-03-18T04:27:54.878171+00:00,"March 18, 12:30AM-12:35AM ET",Up,0.5083311951689604,5.95685,11.718442733029688,1773808500,,,,OPEN
2026-03-18T04:27:55.392601+00:00,"March 18, 12:30AM-12:35AM ET",Up,0.5068816600146263,5.95685,11.751954094823853,1773808500,,,,OPEN
2026-03-18T04:27:55.893873+00:00,"March 18, 12:30AM-12:35AM ET",Down,0.49557493645217265,5.82315,11.75029157383948,1773808500,,,,OPEN
2026-03-18T04:27:56.408108+00:00,"March 18, 12:30AM-12:35AM ET",Down,0.50414502224957,5.82315,11.550545464113162,1773808500,,,,OPEN
2026-03-18T04:27:57.027265+00:00,"March 18, 12:25AM-12:30AM ET",Up,0.6607274983710103,7.96235,12.050883336369024,1773808200,0.0,-39.8858,2026-03-18T04:31:15.857720+00:00,LOSS
2026-03-18T04:27:57.542319+00:00,"March 18, 12:25AM-12:30AM ET",Up,0.6593373714844547,7.96235,12.076291052747841,1773808200,0.0,-39.8858,2026-03-18T04:31:15.857720+00:00,LOSS
2026-03-18T04:27:58.045535+00:00,"March 18, 12:25AM-12:30AM ET",Down,0.3528962941657685,3.81765,10.818050693971605,1773808200,1.0,37.806363030074166,2026-03-18T04:31:15.858651+00:00,WIN
2026-03-18T04:27:58.558969+00:00,"March 18, 12:25AM-12:30AM ET",Down,0.34615580276833335,3.81765,11.028704327556753,1773808200,1.0,37.806363030074166,2026-03-18T04:31:15.858651+00:00,WIN
2026-03-18T04:27:59.177352+00:00,"March 18, 12:30AM-12:35AM ET",Up,0.5141862319535481,6.0237,11.71501612774452,1773808500,,,,OPEN
2026-03-18T04:27:59.678431+00:00,"March 18, 12:30AM-12:35AM ET",Up,0.5142045420850064,6.0237,11.714598971792404,1773808500,,,,OPEN
2026-03-18T04:28:00.194086+00:00,"March 18, 12:30AM-12:35AM ET",Down,0.4967412572243723,5.7563,11.588125440122132,1773808500,,,,OPEN
2026-03-18T04:28:00.695912+00:00,"March 18, 12:30AM-12:35AM ET",Down,0.4918978527067646,5.7563,11.70222632264977,1773808500,,,,OPEN
2026-03-18T04:31:02.285721+00:00,"March 18, 12:30AM-12:35AM ET",Up,0.5086649049977029,5.95685,11.710754843656652,1773808500,,,,OPEN
2026-03-18T04:31:02.799338+00:00,"March 18, 12:30AM-12:35AM ET",Up,0.5108198002701767,5.95685,11.661352979757979,1773808500,,,,OPEN
2026-03-18T04:31:03.300411+00:00,"March 18, 12:30AM-12:35AM ET",Down,0.49926474821814876,5.82315,11.663451146475962,1773808500,,,,OPEN
2026-03-18T04:31:03.801341+00:00,"March 18, 12:30AM-12:35AM ET",Down,0.5025922835622236,5.82315,11.586230410716329,1773808500,,,,OPEN
2026-03-18T04:31:04.432007+00:00,"March 18, 12:35AM-12:40AM ET",Up,0.5074215858026576,5.95685,11.739449338910646,1773808800,,,,OPEN
2026-03-18T04:31:04.934681+00:00,"March 18, 12:35AM-12:40AM ET",Up,0.5161667832281784,5.95685,11.540552770065979,1773808800,,,,OPEN
2026-03-18T04:31:05.436010+00:00,"March 18, 12:35AM-12:40AM ET",Down,0.4975322266830581,5.82315,11.704065963368256,1773808800,,,,OPEN
2026-03-18T04:31:05.936592+00:00,"March 18, 12:35AM-12:40AM ET",Down,0.4954136476189217,5.82315,11.754117045397262,1773808800,,,,OPEN
2026-03-18T04:31:06.552949+00:00,"March 18, 12:30AM-12:35AM ET",Up,0.5203358950338541,6.1574,11.833509966863591,1773808500,,,,OPEN
2026-03-18T04:31:07.053763+00:00,"March 18, 12:30AM-12:35AM ET",Up,0.5255584215342561,6.1574,11.715919197003407,1773808500,,,,OPEN
2026-03-18T04:31:07.565089+00:00,"March 18, 12:30AM-12:35AM ET",Down,0.4852878330206538,5.6226,11.586113678149237,1773808500,,,,OPEN
2026-03-18T04:31:08.067117+00:00,"March 18, 12:30AM-12:35AM ET",Down,0.48523210332315125,5.6226,11.58744436217878,1773808500,,,,OPEN
2026-03-18T04:31:08.684868+00:00,"March 18, 12:35AM-12:40AM ET",Up,0.502584385089456,5.89,11.719424985620329,1773808800,,,,OPEN
2026-03-18T04:31:09.185660+00:00,"March 18, 12:35AM-12:40AM ET",Up,0.5003941891812622,5.89,11.770720218868115,1773808800,,,,OPEN
2026-03-18T04:31:09.700596+00:00,"March 18, 12:35AM-12:40AM ET",Down,0.5023176211634552,5.89,11.725648776480769,1773808800,,,,OPEN
2026-03-18T04:31:10.202483+00:00,"March 18, 12:35AM-12:40AM ET",Down,0.5003552215159518,5.89,11.771636922574258,1773808800,,,,OPEN
2026-03-18T04:31:10.818339+00:00,"March 18, 12:30AM-12:35AM ET",Up,0.5348186404098619,6.2911,11.763052976573091,1773808500,,,,OPEN
2026-03-18T04:31:11.319408+00:00,"March 18, 12:30AM-12:35AM ET",Up,0.5327139832850908,6.2911,11.809526682976543,1773808500,,,,OPEN
2026-03-18T04:31:11.833934+00:00,"March 18, 12:30AM-12:35AM ET",Down,0.4766725490530806,5.4889,11.51503272194677,1773808500,,,,OPEN
2026-03-18T04:31:12.335712+00:00,"March 18, 12:30AM-12:35AM ET",Down,0.4704821279051749,5.4889,11.666543051144933,1773808500,,,,OPEN
2026-03-18T04:31:12.950677+00:00,"March 18, 12:35AM-12:40AM ET",Up,0.5054261845657408,5.95685,11.785796189245893,1773808800,,,,OPEN
2026-03-18T04:31:13.466197+00:00,"March 18, 12:35AM-12:40AM ET",Up,0.5058066085605488,5.95685,11.776931932448093,1773808800,,,,OPEN
2026-03-18T04:31:13.967400+00:00,"March 18, 12:35AM-12:40AM ET",Down,0.49536147950615994,5.82315,11.755354909318473,1773808800,,,,OPEN
2026-03-18T04:31:14.482035+00:00,"March 18, 12:35AM-12:40AM ET",Down,0.5064434707609593,5.82315,11.498124343967541,1773808800,,,,OPEN
2026-03-18T04:34:18.455004+00:00,"March 18, 12:30AM-12:35AM ET",Up,0.4729554858848056,5.42205,11.464186719087152,1773808500,,,,OPEN
2026-03-18T04:34:18.958970+00:00,"March 18, 12:30AM-12:35AM ET",Up,0.4692081089665412,5.42205,11.555746578937836,1773808500,,,,OPEN
2026-03-18T04:34:19.471984+00:00,"March 18, 12:30AM-12:35AM ET",Down,0.537645245458298,6.35795,11.82554863770882,1773808500,,,,OPEN
2026-03-18T04:34:19.976370+00:00,"March 18, 12:30AM-12:35AM ET",Down,0.5394000351979129,6.35795,11.787077465924126,1773808500,,,,OPEN
2026-03-18T04:34:20.606101+00:00,"March 18, 12:35AM-12:40AM ET",Up,0.5064960292461673,5.95685,11.760901677483538,1773808800,,,,OPEN
2026-03-18T04:34:21.108134+00:00,"March 18, 12:35AM-12:40AM ET",Up,0.5067794119841439,5.95685,11.754325174098387,1773808800,,,,OPEN
2026-03-18T04:34:21.609511+00:00,"March 18, 12:35AM-12:40AM ET",Down,0.49551739134039985,5.82315,11.751656151256531,1773808800,,,,OPEN
2026-03-18T04:34:22.110489+00:00,"March 18, 12:35AM-12:40AM ET",Down,0.49930596529530197,5.82315,11.662488343306782,1773808800,,,,OPEN
2026-03-18T04:34:22.725595+00:00,"March 18, 12:30AM-12:35AM ET",Up,0.3882360002241817,4.35245,11.210835670794918,1773808500,,,,OPEN
2026-03-18T04:34:23.240662+00:00,"March 18, 12:30AM-12:35AM ET",Up,0.3866961038236082,4.35245,11.255479320746852,1773808500,,,,OPEN
2026-03-18T04:34:23.742509+00:00,"March 18, 12:30AM-12:35AM ET",Down,0.6205882465468645,7.42755,11.968563764024008,1773808500,,,,OPEN
2026-03-18T04:34:24.243564+00:00,"March 18, 12:30AM-12:35AM ET",Down,0.6157035739413694,7.42755,12.063516137243164,1773808500,,,,OPEN
2026-03-18T04:34:24.873856+00:00,"March 18, 12:35AM-12:40AM ET",Up,0.5293794628149622,6.22425,11.757634054979588,1773808800,,,,OPEN
2026-03-18T04:34:25.389585+00:00,"March 18, 12:35AM-12:40AM ET",Up,0.534820800534306,6.22425,11.638010327537263,1773808800,,,,OPEN
2026-03-18T04:34:25.891626+00:00,"March 18, 12:35AM-12:40AM ET",Down,0.4762660233585609,5.55575,11.665224323208347,1773808800,,,,OPEN
2026-03-18T04:34:26.405066+00:00,"March 18, 12:35AM-12:40AM ET",Down,0.48017019919597675,5.55575,11.570376523372028,1773808800,,,,OPEN
2026-03-18T04:34:27.026521+00:00,"March 18, 12:30AM-12:35AM ET",Up,0.38924508286092824,4.35245,11.181772594299076,1773808500,,,,OPEN
2026-03-18T04:34:27.539123+00:00,"March 18, 12:30AM-12:35AM ET",Up,0.3856787800824836,4.35245,11.285168447870426,1773808500,,,,OPEN
2026-03-18T04:34:28.040698+00:00,"March 18, 12:30AM-12:35AM ET",Down,0.6209721587222181,7.42755,11.961164273908446,1773808500,,,,OPEN
2026-03-18T04:34:28.546509+00:00,"March 18, 12:30AM-12:35AM ET",Down,0.6183084106431768,7.42755,12.012694429101675,1773808500,,,,OPEN
2026-03-18T04:34:29.160292+00:00,"March 18, 12:35AM-12:40AM ET",Up,0.5395585825966296,6.35795,11.783613874516313,1773808800,,,,OPEN
2026-03-18T04:34:29.663129+00:00,"March 18, 12:35AM-12:40AM ET",Up,0.5394816410686242,6.35795,11.785294467863539,1773808800,,,,OPEN
2026-03-18T04:34:30.176243+00:00,"March 18, 12:35AM-12:40AM ET",Down,0.47173417123232303,5.42205,11.493867374152359,1773808800,,,,OPEN
2026-03-18T04:34:30.690837+00:00,"March 18, 12:35AM-12:40AM ET",Down,0.4650026481961234,5.42205,11.660256174956556,1773808800,,,,OPEN
