timestamp,market_id,market_question,category,outcome,side,size_usdc,price,transaction_hash,market_end_date,days_to_resolution,market_volume_usdc,spread,resolved_win,base_prob
2023-09-04 03:28:05.532011+00:00,0xdec48a79,Will there be a US government shutdown in March?,politics,NO,BUY,1104.49,0.4989,0x00000000000000000000000000000000000000000000000000000000000186bf,2023-09-06 20:35:48.281419+00:00,2.71,492320.0,0.0149,False,0.45
2023-09-06 18:33:12.054066+00:00,0xb8a68713,Will US unemployment exceed 5% in 2024?,politics,NO,BUY,3514.68,0.55,0x00000000000000000000000000000000000000000000000000000000000186c1,2023-09-10 00:15:47.219322+00:00,3.24,229918.0,0.0531,False,0.18
2023-09-07 02:51:42.872928+00:00,0xdec48a79,Will there be a US government shutdown in March?,politics,NO,SELL,87.0,0.0393,0x00000000000000000000000000000000000000000000000000000000000186c0,2023-09-06 20:35:48.281419+00:00,0.0,,,False,0.45
2023-09-07 20:19:44.960949+00:00,0xde035e2d,Will US unemployment exceed 5% in 2024?,politics,NO,BUY,1422.21,0.1619,0x00000000000000000000000000000000000000000000000000000000000186ad,2023-09-11 06:09:40.266108+00:00,3.41,458556.0,0.0329,True,0.18
2023-09-07 23:52:38.946127+00:00,0xaddd8d68,"Will ETH reach $4,000 before May 2024?",crypto,NO,BUY,323.79,0.55,0x00000000000000000000000000000000000000000000000000000000000186a1,2023-09-15 16:03:08.614740+00:00,7.67,30415.0,0.0147,True,0.41
2023-09-10 07:56:46.462121+00:00,0xb8a68713,Will US unemployment exceed 5% in 2024?,politics,NO,SELL,254.34,0.0398,0x00000000000000000000000000000000000000000000000000000000000186c2,2023-09-10 00:15:47.219322+00:00,0.0,,,False,0.18
2023-09-11 11:06:14.524662+00:00,0xde035e2d,Will US unemployment exceed 5% in 2024?,politics,NO,SELL,8396.22,0.9558,0x00000000000000000000000000000000000000000000000000000000000186ae,2023-09-11 06:09:40.266108+00:00,0.0,,,True,0.18
2023-09-12 14:22:56.737283+00:00,0xc9fff6e5,Will Trump be convicted before election?,politics,NO,BUY,562.51,0.4074,0x00000000000000000000000000000000000000000000000000000000000186ab,2023-09-15 01:40:38.516432+00:00,2.47,391360.0,0.0215,False,0.48
2023-09-14 12:02:10.342320+00:00,0xb7979d68,Will Elon Musk remain Twitter CEO through Dec 2024?,politics,YES,BUY,522.14,0.635,0x00000000000000000000000000000000000000000000000000000000000186a9,2023-09-18 22:08:36.494910+00:00,4.42,346521.0,0.0136,True,0.68
2023-09-14 20:17:45.167104+00:00,0xbac2eba8,Will Zelensky remain president through 2024?,politics,YES,BUY,2719.53,0.45,0x00000000000000000000000000000000000000000000000000000000000186b9,2023-09-17 00:01:42.369899+00:00,2.16,276559.0,0.0465,True,0.78
2023-09-15 04:23:07.900862+00:00,0xc9fff6e5,Will Trump be convicted before election?,politics,NO,SELL,61.72,0.0447,0x00000000000000000000000000000000000000000000000000000000000186ac,2023-09-15 01:40:38.516432+00:00,0.0,,,False,0.48
2023-09-15 20:41:09.375216+00:00,0xaddd8d68,"Will ETH reach $4,000 before May 2024?",crypto,NO,SELL,580.0,0.9852,0x00000000000000000000000000000000000000000000000000000000000186a2,2023-09-15 16:03:08.614740+00:00,0.0,,,True,0.41
2023-09-17 04:21:34.150650+00:00,0xbac2eba8,Will Zelensky remain president through 2024?,politics,YES,SELL,5772.66,0.9552,0x00000000000000000000000000000000000000000000000000000000000186ba,2023-09-17 00:01:42.369899+00:00,0.0,,,True,0.78
2023-09-19 06:38:21.344551+00:00,0xb7979d68,Will Elon Musk remain Twitter CEO through Dec 2024?,politics,YES,SELL,800.15,0.9731,0x00000000000000000000000000000000000000000000000000000000000186aa,2023-09-18 22:08:36.494910+00:00,0.0,,,True,0.68
2023-09-19 11:31:50.402498+00:00,0xfab3d637,"Will ETH reach $4,000 before May 2024?",crypto,NO,BUY,696.84,0.5565,0x00000000000000000000000000000000000000000000000000000000000186b5,2023-09-23 03:59:41.072328+00:00,3.69,272222.0,0.01,False,0.41
2023-09-19 15:49:02.314093+00:00,0xddbc2dfd,"Will NVDA hit $1,000 before June 2024?",crypto,YES,BUY,1382.4,0.45,0x00000000000000000000000000000000000000000000000000000000000186bb,2023-09-29 14:46:10.453833+00:00,9.96,126606.0,0.021,True,0.55
2023-09-20 15:22:44.895718+00:00,0xfafa26e2,Will BTC halving occur before April 20 2024?,crypto,YES,BUY,2367.95,0.45,0x00000000000000000000000000000000000000000000000000000000000186b1,2023-09-23 01:56:06.900257+00:00,2.44,283315.0,0.0571,True,0.85
2023-09-21 17:42:29.455561+00:00,0xae0f87d9,Will Macron resign before 2025?,politics,NO,BUY,1051.79,0.55,0x00000000000000000000000000000000000000000000000000000000000186a3,2023-09-27 18:56:13.616502+00:00,6.05,383022.0,0.018,True,0.12
2023-09-22 08:25:15.840603+00:00,0xf284e93d,Will Elon Musk remain Twitter CEO through Dec 2024?,politics,YES,BUY,908.14,0.6364,0x00000000000000000000000000000000000000000000000000000000000186af,2023-09-28 04:50:24.581048+00:00,5.85,254355.0,0.0478,True,0.68
2023-09-22 11:47:32.950433+00:00,0xbe90c098,Will SOL exceed $200 in Q1 2024?,crypto,NO,BUY,153.8,0.55,0x00000000000000000000000000000000000000000000000000000000000186a5,2023-09-25 10:18:00.931848+00:00,2.94,36073.0,0.033,True,0.44
2023-09-22 20:42:01.966348+00:00,0xef65719a,"Will ETH reach $4,000 before May 2024?",crypto,NO,BUY,689.97,0.5582,0x00000000000000000000000000000000000000000000000000000000000186b3,2023-09-30 14:53:24.543310+00:00,7.76,486366.0,0.0481,False,0.41
2023-09-23 09:30:23.905659+00:00,0xfab3d637,"Will ETH reach $4,000 before May 2024?",crypto,NO,SELL,13.02,0.0104,0x00000000000000000000000000000000000000000000000000000000000186b6,2023-09-23 03:59:41.072328+00:00,0.0,,,False,0.41
2023-09-23 10:51:57.494916+00:00,0xfafa26e2,Will BTC halving occur before April 20 2024?,crypto,YES,SELL,5072.68,0.964,0x00000000000000000000000000000000000000000000000000000000000186b2,2023-09-23 01:56:06.900257+00:00,0.0,,,True,0.85
2023-09-24 20:25:59.641684+00:00,0xb4c01ff4,Will Israel-Hamas ceasefire happen by March 2024?,politics,NO,BUY,1160.63,0.3294,0x00000000000000000000000000000000000000000000000000000000000186a7,2023-09-30 19:40:26.436562+00:00,5.97,125531.0,0.0245,True,0.31
2023-09-25 09:00:30.163048+00:00,0xfe237bdc,Will Trump win 2024 presidential election?,politics,YES,BUY,929.99,0.45,0x00000000000000000000000000000000000000000000000000000000000186c3,2023-10-05 08:51:12.210486+00:00,9.99,118667.0,0.0301,True,0.52
2023-09-25 13:53:54.924036+00:00,0xbe90c098,Will SOL exceed $200 in Q1 2024?,crypto,NO,SELL,269.93,0.9653,0x00000000000000000000000000000000000000000000000000000000000186a6,2023-09-25 10:18:00.931848+00:00,0.0,,,True,0.44
2023-09-26 11:41:52.738900+00:00,0xb8fbae7d,Will Biden drop out of 2024 race by July?,politics,YES,BUY,1134.54,0.4437,0x00000000000000000000000000000000000000000000000000000000000186b7,2023-10-05 20:22:59.822907+00:00,9.36,250705.0,0.0135,True,0.55
2023-09-27 05:38:56.688294+00:00,0xb2332cf0,Will US enter recession in 2024?,politics,NO,BUY,3321.14,0.55,0x00000000000000000000000000000000000000000000000000000000000186bd,2023-09-30 07:06:01.819386+00:00,3.06,468724.0,0.0386,True,0.24
2023-09-28 01:23:39.170102+00:00,0xae0f87d9,Will Macron resign before 2025?,politics,NO,SELL,1869.7,0.9777,0x00000000000000000000000000000000000000000000000000000000000186a4,2023-09-27 18:56:13.616502+00:00,0.0,,,True,0.12
2023-09-28 15:30:24.297606+00:00,0xf284e93d,Will Elon Musk remain Twitter CEO through Dec 2024?,politics,YES,SELL,1367.78,0.9585,0x00000000000000000000000000000000000000000000000000000000000186b0,2023-09-28 04:50:24.581048+00:00,0.0,,,True,0.68
2023-09-29 17:51:03.974885+00:00,0xddbc2dfd,"Will NVDA hit $1,000 before June 2024?",crypto,YES,SELL,2990.28,0.9734,0x00000000000000000000000000000000000000000000000000000000000186bc,2023-09-29 14:46:10.453833+00:00,0.0,,,True,0.55
2023-09-30 14:02:17.330055+00:00,0xb2332cf0,Will US enter recession in 2024?,politics,NO,SELL,5816.22,0.9632,0x00000000000000000000000000000000000000000000000000000000000186be,2023-09-30 07:06:01.819386+00:00,0.0,,,True,0.24
2023-09-30 22:09:50.021985+00:00,0xef65719a,"Will ETH reach $4,000 before May 2024?",crypto,NO,SELL,23.98,0.0194,0x00000000000000000000000000000000000000000000000000000000000186b4,2023-09-30 14:53:24.543310+00:00,0.0,,,False,0.41
2023-09-30 22:50:24.047285+00:00,0xb4c01ff4,Will Israel-Hamas ceasefire happen by March 2024?,politics,NO,SELL,3357.16,0.9528,0x00000000000000000000000000000000000000000000000000000000000186a8,2023-09-30 19:40:26.436562+00:00,0.0,,,True,0.31
2023-10-01 00:13:32.539039+00:00,0xf4cc9460,Will Trump win 2024 presidential election?,politics,NO,BUY,25.0,0.6003,0x00000000000000000000000000000000000000000000000000000000000186c7,2023-10-08 15:08:41.769265+00:00,7.62,42587.0,0.0354,False,0.52
2023-10-03 04:00:16.066741+00:00,0xd50d1e6c,Will Trump be convicted before election?,politics,NO,BUY,101.85,0.55,0x00000000000000000000000000000000000000000000000000000000000186dd,2023-10-12 14:52:46.867057+00:00,9.45,225763.0,0.0464,True,0.48
2023-10-05 06:15:25.244776+00:00,0xb7762f8a,Will BTC reach ATH in 2024?,crypto,YES,BUY,720.38,0.7473,0x00000000000000000000000000000000000000000000000000000000000186cd,2023-10-06 22:04:52.781503+00:00,1.66,91507.0,0.0517,True,0.74
2023-10-05 11:48:58.649909+00:00,0xfe237bdc,Will Trump win 2024 presidential election?,politics,YES,SELL,1979.85,0.958,0x00000000000000000000000000000000000000000000000000000000000186c4,2023-10-05 08:51:12.210486+00:00,0.0,,,True,0.52
2023-10-06 06:05:06.233739+00:00,0xb8fbae7d,Will Biden drop out of 2024 race by July?,politics,YES,SELL,2499.21,0.9774,0x00000000000000000000000000000000000000000000000000000000000186b8,2023-10-05 20:22:59.822907+00:00,0.0,,,True,0.55
2023-10-07 01:37:29.038783+00:00,0xbb68b2d0,Will Zelensky remain president through 2024?,politics,YES,BUY,4358.08,0.45,0x00000000000000000000000000000000000000000000000000000000000186d3,2023-10-13 19:14:28.400973+00:00,6.73,443307.0,0.0552,True,0.78
2023-10-07 07:14:07.121314+00:00,0xb7762f8a,Will BTC reach ATH in 2024?,crypto,YES,SELL,932.94,0.9678,0x00000000000000000000000000000000000000000000000000000000000186ce,2023-10-06 22:04:52.781503+00:00,0.0,,,True,0.74
2023-10-09 01:43:04.167632+00:00,0xf4cc9460,Will Trump win 2024 presidential election?,politics,NO,SELL,0.98,0.0235,0x00000000000000000000000000000000000000000000000000000000000186c8,2023-10-08 15:08:41.769265+00:00,0.0,,,False,0.52
2023-10-10 23:30:46.073340+00:00,0xf254435b,Will ChatGPT-5 be released before July 2024?,crypto,YES,BUY,2082.19,0.2629,0x00000000000000000000000000000000000000000000000000000000000186d7,2023-10-19 22:29:09.217188+00:00,8.96,408224.0,0.0541,False,0.38
2023-10-11 02:08:14.311622+00:00,0xf539ac68,Will ChatGPT-5 be released before July 2024?,crypto,NO,BUY,4415.45,0.3238,0x00000000000000000000000000000000000000000000000000000000000186d5,2023-10-17 01:28:57.826851+00:00,5.97,188537.0,0.0441,True,0.38
2023-10-11 05:11:25.371631+00:00,0xd52f0da3,Will there be a major exchange hack >$100M in 2024?,crypto,NO,BUY,5474.02,0.3504,0x00000000000000000000000000000000000000000000000000000000000186d9,2023-10-19 06:11:09.111035+00:00,8.04,33781.0,0.0335,True,0.35
2023-10-12 20:17:27.555036+00:00,0xd50d1e6c,Will Trump be convicted before election?,politics,NO,SELL,179.94,0.9717,0x00000000000000000000000000000000000000000000000000000000000186de,2023-10-12 14:52:46.867057+00:00,0.0,,,True,0.48
2023-10-14 02:52:44.001367+00:00,0xbb68b2d0,Will Zelensky remain president through 2024?,politics,YES,SELL,9488.02,0.9797,0x00000000000000000000000000000000000000000000000000000000000186d4,2023-10-13 19:14:28.400973+00:00,0.0,,,True,0.78
2023-10-17 00:45:35.739946+00:00,0xd68d8055,Will Ukraine receive F-16s before Jan 2025?,politics,YES,BUY,1902.08,0.6799,0x00000000000000000000000000000000000000000000000000000000000186d1,2023-10-19 20:44:13.010012+00:00,2.83,220434.0,0.0238,True,0.72
2023-10-17 10:17:07.045522+00:00,0xf539ac68,Will ChatGPT-5 be released before July 2024?,crypto,NO,SELL,13174.08,0.9661,0x00000000000000000000000000000000000000000000000000000000000186d6,2023-10-17 01:28:57.826851+00:00,0.0,,,True,0.38
2023-10-18 08:14:33.223849+00:00,0xfe5f7ef3,Will Macron resign before 2025?,politics,NO,BUY,3870.59,0.55,0x00000000000000000000000000000000000000000000000000000000000186cf,2023-10-24 02:29:37.506417+00:00,5.76,375072.0,0.0178,True,0.12
2023-10-19 07:09:35.483244+00:00,0xcc0ac531,Will US unemployment exceed 5% in 2024?,politics,NO,BUY,3497.93,0.55,0x00000000000000000000000000000000000000000000000000000000000186cb,2023-10-22 03:16:47.436716+00:00,2.84,379654.0,0.0136,True,0.18
2023-10-19 10:30:06.348041+00:00,0xd52f0da3,Will there be a major exchange hack >$100M in 2024?,crypto,NO,SELL,14931.7,0.9558,0x00000000000000000000000000000000000000000000000000000000000186da,2023-10-19 06:11:09.111035+00:00,0.0,,,True,0.35
2023-10-19 23:10:15.549027+00:00,0xd68d8055,Will Ukraine receive F-16s before Jan 2025?,politics,YES,SELL,2722.89,0.9733,0x00000000000000000000000000000000000000000000000000000000000186d2,2023-10-19 20:44:13.010012+00:00,0.0,,,True,0.72
2023-10-20 01:07:25.833856+00:00,0xf254435b,Will ChatGPT-5 be released before July 2024?,crypto,YES,SELL,258.19,0.0326,0x00000000000000000000000000000000000000000000000000000000000186d8,2023-10-19 22:29:09.217188+00:00,0.0,,,False,0.38
2023-10-21 09:46:35.739550+00:00,0xdca35712,Will Biden drop out of 2024 race by July?,politics,YES,BUY,73.24,0.615,0x00000000000000000000000000000000000000000000000000000000000186c5,2023-10-24 19:03:37.637585+00:00,3.39,363428.0,0.0177,True,0.55
2023-10-21 12:26:33.517470+00:00,0xd76b9b71,Will Dogecoin reach $0.50 in 2024?,crypto,NO,BUY,7071.69,0.1863,0x00000000000000000000000000000000000000000000000000000000000186db,2023-10-25 06:21:49.935912+00:00,3.75,150376.0,0.0421,False,0.22
2023-10-22 10:04:45.784377+00:00,0xcc0ac531,Will US unemployment exceed 5% in 2024?,politics,NO,SELL,6150.0,0.967,0x00000000000000000000000000000000000000000000000000000000000186cc,2023-10-22 03:16:47.436716+00:00,0.0,,,True,0.18
2023-10-23 13:21:18.879346+00:00,0xf6d41c40,Will Fed cut rates in March 2024?,politics,NO,BUY,2710.4,0.55,0x00000000000000000000000000000000000000000000000000000000000186c9,2023-10-25 04:02:05.246707+00:00,1.61,54762.0,0.0429,True,0.28
2023-10-24 07:35:55.003158+00:00,0xfe5f7ef3,Will Macron resign before 2025?,politics,NO,SELL,6769.31,0.9619,0x00000000000000000000000000000000000000000000000000000000000186d0,2023-10-24 02:29:37.506417+00:00,0.0,,,True,0.12
2023-10-24 08:52:57.500717+00:00,0xec204f96,Will Macron resign before 2025?,politics,NO,BUY,6233.09,0.55,0x00000000000000000000000000000000000000000000000000000000000186df,2023-10-26 09:51:43.662378+00:00,2.04,348126.0,0.057,True,0.12
2023-10-25 00:18:31.860034+00:00,0xdca35712,Will Biden drop out of 2024 race by July?,politics,YES,SELL,115.43,0.9693,0x00000000000000000000000000000000000000000000000000000000000186c6,2023-10-24 19:03:37.637585+00:00,0.0,,,True,0.55
2023-10-25 11:51:39.489195+00:00,0xf6d41c40,Will Fed cut rates in March 2024?,politics,NO,SELL,4857.04,0.9856,0x00000000000000000000000000000000000000000000000000000000000186ca,2023-10-25 04:02:05.246707+00:00,0.0,,,True,0.28
2023-10-25 12:36:02.820876+00:00,0xd76b9b71,Will Dogecoin reach $0.50 in 2024?,crypto,NO,SELL,835.09,0.022,0x00000000000000000000000000000000000000000000000000000000000186dc,2023-10-25 06:21:49.935912+00:00,0.0,,,False,0.22
2023-10-26 19:20:15.685065+00:00,0xec204f96,Will Macron resign before 2025?,politics,NO,SELL,10989.5,0.9697,0x00000000000000000000000000000000000000000000000000000000000186e0,2023-10-26 09:51:43.662378+00:00,0.0,,,True,0.12
2023-10-30 12:52:59.321313+00:00,0xfbae34bb,Will Tesla stock hit $300 in 2024?,crypto,NO,BUY,2449.9,0.5322,0x00000000000000000000000000000000000000000000000000000000000186e7,2023-11-06 02:38:36.523563+00:00,6.57,37414.0,0.0592,True,0.42
2023-11-03 04:55:39.975629+00:00,0xb4fa5e65,Will Trump be convicted before election?,politics,NO,BUY,25.0,0.6369,0x00000000000000000000000000000000000000000000000000000000000186f1,2023-11-05 10:48:59.645864+00:00,2.25,115315.0,0.031,True,0.48
2023-11-05 11:22:36.939178+00:00,0xf4e6f0f3,Will Japan exit negative interest rates in 2024?,politics,YES,BUY,42.72,0.6602,0x00000000000000000000000000000000000000000000000000000000000186e5,2023-11-11 22:24:56.976383+00:00,6.46,371941.0,0.0429,False,0.6
2023-11-05 21:54:10.863675+00:00,0xb4fa5e65,Will Trump be convicted before election?,politics,NO,SELL,38.15,0.9718,0x00000000000000000000000000000000000000000000000000000000000186f2,2023-11-05 10:48:59.645864+00:00,0.0,,,True,0.48
2023-11-06 10:54:42.152072+00:00,0xfbae34bb,Will Tesla stock hit $300 in 2024?,crypto,NO,SELL,4492.4,0.9759,0x00000000000000000000000000000000000000000000000000000000000186e8,2023-11-06 02:38:36.523563+00:00,0.0,,,True,0.42
2023-11-08 16:50:03.588126+00:00,0xf1a0fcfd,"Will NVDA hit $1,000 before June 2024?",crypto,YES,BUY,3299.64,0.45,0x00000000000000000000000000000000000000000000000000000000000186e3,2023-11-10 20:19:42.580674+00:00,2.15,280750.0,0.01,True,0.55
2023-11-09 22:50:42.968562+00:00,0xf7e1617a,Will Trump be convicted before election?,politics,YES,BUY,4699.48,0.3744,0x00000000000000000000000000000000000000000000000000000000000186f5,2023-11-19 00:46:21.072300+00:00,9.08,366228.0,0.052,False,0.48
2023-11-11 01:28:58.318729+00:00,0xf1a0fcfd,"Will NVDA hit $1,000 before June 2024?",crypto,YES,SELL,7196.15,0.9814,0x00000000000000000000000000000000000000000000000000000000000186e4,2023-11-10 20:19:42.580674+00:00,0.0,,,True,0.55
2023-11-12 03:32:24.634540+00:00,0xf4e6f0f3,Will Japan exit negative interest rates in 2024?,politics,YES,SELL,1.35,0.0209,0x00000000000000000000000000000000000000000000000000000000000186e6,2023-11-11 22:24:56.976383+00:00,0.0,,,False,0.6
2023-11-14 22:16:15.631705+00:00,0xe1dec0d1,Will ChatGPT-5 be released before July 2024?,crypto,NO,BUY,5563.15,0.3848,0x00000000000000000000000000000000000000000000000000000000000186e1,2023-11-16 13:23:07.267237+00:00,1.63,165003.0,0.0304,True,0.38
2023-11-16 19:38:54.224614+00:00,0xe1dec0d1,Will ChatGPT-5 be released before July 2024?,crypto,NO,SELL,13996.06,0.9681,0x00000000000000000000000000000000000000000000000000000000000186e2,2023-11-16 13:23:07.267237+00:00,0.0,,,True,0.38
2023-11-17 14:30:31.035442+00:00,0xf6e1c812,Will Trump be convicted before election?,politics,NO,BUY,25.0,0.55,0x00000000000000000000000000000000000000000000000000000000000186ed,2023-11-21 11:02:41.927167+00:00,3.86,231268.0,0.018,False,0.48
2023-11-17 19:14:02.819876+00:00,0xad2a05e3,Will BTC reach ATH in 2024?,crypto,YES,BUY,1593.11,0.7608,0x00000000000000000000000000000000000000000000000000000000000186f3,2023-11-26 12:17:17.648196+00:00,8.71,477414.0,0.031,False,0.74
2023-11-19 04:49:28.565732+00:00,0xe11530c9,"Will ETH reach $4,000 before May 2024?",crypto,NO,BUY,7122.68,0.3697,0x00000000000000000000000000000000000000000000000000000000000186eb,2023-11-22 04:05:39.433717+00:00,2.97,79669.0,0.0332,True,0.41
2023-11-19 12:00:00.430710+00:00,0xf7e1617a,Will Trump be convicted before election?,politics,YES,SELL,414.22,0.033,0x00000000000000000000000000000000000000000000000000000000000186f6,2023-11-19 00:46:21.072300+00:00,0.0,,,False,0.48
2023-11-19 19:31:50.647223+00:00,0xcbd7304f,Will Dogecoin reach $0.50 in 2024?,crypto,NO,BUY,11372.41,0.55,0x00000000000000000000000000000000000000000000000000000000000186ef,2023-11-27 13:54:52.276406+00:00,7.77,361069.0,0.0217,True,0.22
2023-11-21 09:25:50.905388+00:00,0xb3fc6f78,Will Zelensky remain president through 2024?,politics,YES,BUY,8649.59,0.45,0x00000000000000000000000000000000000000000000000000000000000186e9,2023-11-26 11:48:02.517920+00:00,5.1,348497.0,0.0546,True,0.78
2023-11-21 21:42:55.191249+00:00,0xf6e1c812,Will Trump be convicted before election?,politics,NO,SELL,2.07,0.0455,0x00000000000000000000000000000000000000000000000000000000000186ee,2023-11-21 11:02:41.927167+00:00,0.0,,,False,0.48
2023-11-22 11:35:35.351692+00:00,0xe11530c9,"Will ETH reach $4,000 before May 2024?",crypto,NO,SELL,18701.61,0.9707,0x00000000000000000000000000000000000000000000000000000000000186ec,2023-11-22 04:05:39.433717+00:00,0.0,,,True,0.41
2023-11-26 21:51:51.789715+00:00,0xad2a05e3,Will BTC reach ATH in 2024?,crypto,YES,SELL,36.85,0.0176,0x00000000000000000000000000000000000000000000000000000000000186f4,2023-11-26 12:17:17.648196+00:00,0.0,,,False,0.74
2023-11-26 22:27:39.343861+00:00,0xb3fc6f78,Will Zelensky remain president through 2024?,politics,YES,SELL,18663.89,0.971,0x00000000000000000000000000000000000000000000000000000000000186ea,2023-11-26 11:48:02.517920+00:00,0.0,,,True,0.78
2023-11-27 19:32:19.167271+00:00,0xcbd7304f,Will Dogecoin reach $0.50 in 2024?,crypto,NO,SELL,19802.47,0.9577,0x00000000000000000000000000000000000000000000000000000000000186f0,2023-11-27 13:54:52.276406+00:00,0.0,,,True,0.22
2023-11-30 01:33:10.617028+00:00,0xb75daf83,Will there be a major exchange hack >$100M in 2024?,crypto,NO,BUY,22254.68,0.55,0x0000000000000000000000000000000000000000000000000000000000018715,2023-12-09 14:13:56.756801+00:00,9.53,233494.0,0.0397,True,0.35
2023-11-30 20:07:26.149102+00:00,0xf6f7e26d,Will Macron resign before 2025?,politics,NO,BUY,46789.75,0.1649,0x0000000000000000000000000000000000000000000000000000000000018713,2023-12-08 22:55:26.218388+00:00,8.12,163109.0,0.0411,False,0.12
2023-12-04 20:59:46.575491+00:00,0xeedaff0c,Will ChatGPT-5 be released before July 2024?,crypto,NO,BUY,20806.6,0.4458,0x0000000000000000000000000000000000000000000000000000000000018701,2023-12-09 17:31:33.318582+00:00,4.86,480982.0,0.0418,True,0.38
2023-12-05 07:58:03.149129+00:00,0xb9446847,Will there be a US government shutdown in March?,politics,NO,BUY,5124.1,0.55,0x0000000000000000000000000000000000000000000000000000000000018711,2023-12-13 17:32:40.274914+00:00,8.4,497050.0,0.0159,True,0.45
2023-12-06 13:51:33.206192+00:00,0xfd56f231,Will there be a US government shutdown in March?,politics,NO,BUY,26.05,0.5785,0x0000000000000000000000000000000000000000000000000000000000018709,2023-12-13 23:37:01.861465+00:00,7.41,193975.0,0.0377,False,0.45
2023-12-07 08:45:36.902746+00:00,0xb5c1c512,Will Elon Musk remain Twitter CEO through Dec 2024?,politics,YES,BUY,31909.5,0.45,0x0000000000000000000000000000000000000000000000000000000000018705,2023-12-10 21:00:31.509318+00:00,3.51,172632.0,0.0344,True,0.68
2023-12-09 07:10:35.062715+00:00,0xf6f7e26d,Will Macron resign before 2025?,politics,NO,SELL,11491.72,0.0405,0x0000000000000000000000000000000000000000000000000000000000018714,2023-12-08 22:55:26.218388+00:00,0.0,,,False,0.12
2023-12-09 19:25:42.677830+00:00,0xb75daf83,Will there be a major exchange hack >$100M in 2024?,crypto,NO,SELL,39455.52,0.9751,0x0000000000000000000000000000000000000000000000000000000000018716,2023-12-09 14:13:56.756801+00:00,0.0,,,True,0.35
2023-12-10 03:52:53.443251+00:00,0xeedaff0c,Will ChatGPT-5 be released before July 2024?,crypto,NO,SELL,45155.64,0.9675,0x0000000000000000000000000000000000000000000000000000000000018702,2023-12-09 17:31:33.318582+00:00,0.0,,,True,0.38
2023-12-11 02:48:54.260149+00:00,0xb5c1c512,Will Elon Musk remain Twitter CEO through Dec 2024?,politics,YES,SELL,68789.79,0.9701,0x0000000000000000000000000000000000000000000000000000000000018706,2023-12-10 21:00:31.509318+00:00,0.0,,,True,0.68
2023-12-11 05:05:00.556681+00:00,0xae1da2fc,Will Trump be convicted before election?,politics,NO,BUY,1998.11,0.5,0x00000000000000000000000000000000000000000000000000000000000186f7,2023-12-20 08:58:48.440228+00:00,9.16,141176.0,0.0264,True,0.48
2023-12-11 13:24:18.583628+00:00,0xd63a3923,Will SOL exceed $200 in Q1 2024?,crypto,NO,BUY,6477.28,0.55,0x0000000000000000000000000000000000000000000000000000000000018707,2023-12-15 01:48:41.023926+00:00,3.52,212118.0,0.0378,True,0.44
2023-12-13 22:37:10.796002+00:00,0xc40cdec4,Will Israel-Hamas ceasefire happen by March 2024?,politics,NO,BUY,22243.6,0.2443,0x00000000000000000000000000000000000000000000000000000000000186ff,2023-12-15 15:02:05.657173+00:00,1.68,73712.0,0.0592,True,0.31
2023-12-13 23:14:57.356928+00:00,0xf11d2126,Will there be a major exchange hack >$100M in 2024?,crypto,NO,BUY,22410.75,0.55,0x000000000000000000000000000000000000000000000000000000000001870b,2023-12-17 22:42:00.669628+00:00,3.98,384662.0,0.0193,True,0.35
2023-12-14 03:16:59.440384+00:00,0xb9446847,Will there be a US government shutdown in March?,politics,NO,SELL,9070.59,0.9736,0x0000000000000000000000000000000000000000000000000000000000018712,2023-12-13 17:32:40.274914+00:00,0.0,,,True,0.45
2023-12-14 03:31:34.636984+00:00,0xcf8a9ef3,Will Elon Musk remain Twitter CEO through Dec 2024?,politics,YES,BUY,208.05,0.7212,0x0000000000000000000000000000000000000000000000000000000000018717,2023-12-21 12:13:43.490298+00:00,7.36,335674.0,0.0567,True,0.68
2023-12-14 05:19:02.117007+00:00,0xfd56f231,Will there be a US government shutdown in March?,politics,NO,SELL,1.25,0.0278,0x000000000000000000000000000000000000000000000000000000000001870a,2023-12-13 23:37:01.861465+00:00,0.0,,,False,0.45
2023-12-15 02:02:45.385117+00:00,0xf837e44a,Will SEC approve spot ETH ETF in 2024?,crypto,NO,BUY,11443.43,0.55,0x00000000000000000000000000000000000000000000000000000000000186fd,2023-12-21 13:12:41.036367+00:00,6.47,166299.0,0.0439,True,0.35
2023-12-15 06:31:06.619158+00:00,0xd63a3923,Will SOL exceed $200 in Q1 2024?,crypto,NO,SELL,11497.76,0.9763,0x0000000000000000000000000000000000000000000000000000000000018708,2023-12-15 01:48:41.023926+00:00,0.0,,,True,0.44
2023-12-15 11:34:54.916099+00:00,0xbe3f36c7,Will XRP win SEC lawsuit in 2024?,crypto,YES,BUY,17766.24,0.45,0x0000000000000000000000000000000000000000000000000000000000018703,2023-12-20 09:38:49.720057+00:00,4.92,226254.0,0.0466,True,0.58
2023-12-16 00:56:53.534743+00:00,0xc40cdec4,Will Israel-Hamas ceasefire happen by March 2024?,politics,NO,SELL,88692.14,0.9741,0x0000000000000000000000000000000000000000000000000000000000018700,2023-12-15 15:02:05.657173+00:00,0.0,,,True,0.31
2023-12-18 03:10:38.922782+00:00,0xf11d2126,Will there be a major exchange hack >$100M in 2024?,crypto,NO,SELL,39178.07,0.9615,0x000000000000000000000000000000000000000000000000000000000001870c,2023-12-17 22:42:00.669628+00:00,0.0,,,True,0.35
2023-12-20 14:37:25.469852+00:00,0xbe3f36c7,Will XRP win SEC lawsuit in 2024?,crypto,YES,SELL,38264.53,0.9692,0x0000000000000000000000000000000000000000000000000000000000018704,2023-12-20 09:38:49.720057+00:00,0.0,,,True,0.58
2023-12-20 15:44:42.848901+00:00,0xae1da2fc,Will Trump be convicted before election?,politics,NO,SELL,3849.16,0.9632,0x00000000000000000000000000000000000000000000000000000000000186f8,2023-12-20 08:58:48.440228+00:00,0.0,,,True,0.48
2023-12-20 19:04:10.838274+00:00,0xafd12db8,Will US enter recession in 2024?,politics,NO,BUY,17774.16,0.3893,0x00000000000000000000000000000000000000000000000000000000000186fb,2023-12-28 13:59:02.577751+00:00,7.79,120713.0,0.045,True,0.24
2023-12-21 01:43:34.159061+00:00,0xdb313532,Will US unemployment exceed 5% in 2024?,politics,NO,BUY,11975.34,0.1986,0x00000000000000000000000000000000000000000000000000000000000186f9,2023-12-24 13:49:46.503382+00:00,3.5,476681.0,0.0212,True,0.18
2023-12-21 01:56:46.719142+00:00,0xf17e7772,Will Trump win 2024 presidential election?,politics,YES,BUY,14167.61,0.45,0x000000000000000000000000000000000000000000000000000000000001870f,2023-12-24 17:02:52.173946+00:00,3.63,180242.0,0.0583,True,0.52
2023-12-21 18:42:36.292966+00:00,0xcf8a9ef3,Will Elon Musk remain Twitter CEO through Dec 2024?,politics,YES,SELL,281.47,0.9757,0x0000000000000000000000000000000000000000000000000000000000018718,2023-12-21 12:13:43.490298+00:00,0.0,,,True,0.68
2023-12-21 21:04:48.869219+00:00,0xce0e56ff,Will there be a US government shutdown in March?,politics,NO,BUY,4944.87,0.55,0x000000000000000000000000000000000000000000000000000000000001870d,2023-12-29 09:35:26.166069+00:00,7.52,21862.0,0.0367,True,0.45
2023-12-22 00:48:35.489655+00:00,0xf837e44a,Will SEC approve spot ETH ETF in 2024?,crypto,NO,SELL,20423.4,0.9816,0x00000000000000000000000000000000000000000000000000000000000186fe,2023-12-21 13:12:41.036367+00:00,0.0,,,True,0.35
2023-12-23 02:19:06.650194+00:00,0xe91f1022,Will XRP win SEC lawsuit in 2024?,crypto,YES,BUY,7523.51,0.5752,0x0000000000000000000000000000000000000000000000000000000000018733,2023-12-31 22:45:11.684523+00:00,8.85,225476.0,0.0149,False,0.58
2023-12-24 16:53:17.954265+00:00,0xdb313532,Will US unemployment exceed 5% in 2024?,politics,NO,SELL,58061.71,0.9629,0x00000000000000000000000000000000000000000000000000000000000186fa,2023-12-24 13:49:46.503382+00:00,0.0,,,True,0.18
2023-12-24 21:52:17.827122+00:00,0xf17e7772,Will Trump win 2024 presidential election?,politics,YES,SELL,30262.01,0.9612,0x0000000000000000000000000000000000000000000000000000000000018710,2023-12-24 17:02:52.173946+00:00,0.0,,,True,0.52
2023-12-28 23:44:46.576030+00:00,0xafd12db8,Will US enter recession in 2024?,politics,NO,SELL,43743.7,0.9581,0x00000000000000000000000000000000000000000000000000000000000186fc,2023-12-28 13:59:02.577751+00:00,0.0,,,True,0.24
2023-12-29 05:02:16.428456+00:00,0xe4e1bc48,Will Trump win 2024 presidential election?,politics,YES,BUY,18810.33,0.4338,0x0000000000000000000000000000000000000000000000000000000000018721,2023-12-31 00:03:31.723318+00:00,1.79,436643.0,0.0331,True,0.52
2023-12-29 13:50:06.358488+00:00,0xfd8fb1d1,Will Elon Musk remain Twitter CEO through Dec 2024?,politics,YES,BUY,38200.46,0.45,0x0000000000000000000000000000000000000000000000000000000000018719,2023-12-31 22:01:00.516764+00:00,2.34,461778.0,0.032,False,0.68
2023-12-29 14:37:26.365523+00:00,0xce0e56ff,Will there be a US government shutdown in March?,politics,NO,SELL,8739.83,0.9721,0x000000000000000000000000000000000000000000000000000000000001870e,2023-12-29 09:35:26.166069+00:00,0.0,,,True,0.45
2023-12-30 10:59:46.856959+00:00,0xe3747571,"Will ETH reach $4,000 before May 2024?",crypto,NO,BUY,13004.36,0.5597,0x0000000000000000000000000000000000000000000000000000000000018735,2024-01-01 22:55:52.115120+00:00,2.5,214845.0,0.0441,True,0.41
2023-12-30 12:12:59.124956+00:00,0xbc231af9,Will there be a major exchange hack >$100M in 2024?,crypto,NO,BUY,32638.37,0.55,0x0000000000000000000000000000000000000000000000000000000000018729,2024-01-08 06:50:46.469168+00:00,8.78,152177.0,0.0249,False,0.35
2023-12-30 20:45:50.405357+00:00,0xea74c4be,Will BTC halving occur before April 20 2024?,crypto,YES,BUY,52833.34,0.45,0x0000000000000000000000000000000000000000000000000000000000018727,2024-01-09 06:13:01.424762+00:00,9.39,85151.0,0.0195,True,0.85
2023-12-31 02:58:45.016509+00:00,0xe4e1bc48,Will Trump win 2024 presidential election?,politics,YES,SELL,42355.76,0.9768,0x0000000000000000000000000000000000000000000000000000000000018722,2023-12-31 00:03:31.723318+00:00,0.0,,,True,0.52
2024-01-01 04:54:58.718617+00:00,0xfd8fb1d1,Will Elon Musk remain Twitter CEO through Dec 2024?,politics,YES,SELL,2275.05,0.0268,0x000000000000000000000000000000000000000000000000000000000001871a,2023-12-31 22:01:00.516764+00:00,0.0,,,False,0.68
2024-01-01 07:14:14.009486+00:00,0xe91f1022,Will XRP win SEC lawsuit in 2024?,crypto,YES,SELL,258.98,0.0198,0x0000000000000000000000000000000000000000000000000000000000018734,2023-12-31 22:45:11.684523+00:00,0.0,,,False,0.58
2024-01-02 03:03:34.881105+00:00,0xe3747571,"Will ETH reach $4,000 before May 2024?",crypto,NO,SELL,22205.23,0.9557,0x0000000000000000000000000000000000000000000000000000000000018736,2024-01-01 22:55:52.115120+00:00,0.0,,,True,0.41
2024-01-02 09:16:16.452508+00:00,0xb4c5a284,Will SEC approve spot ETH ETF in 2024?,crypto,NO,BUY,28742.31,0.55,0x0000000000000000000000000000000000000000000000000000000000018737,2024-01-08 20:55:17.265993+00:00,6.49,237892.0,0.0433,True,0.35
2024-01-02 19:49:26.446974+00:00,0xc88f5fc2,Will Israel-Hamas ceasefire happen by March 2024?,politics,NO,BUY,39229.53,0.55,0x000000000000000000000000000000000000000000000000000000000001872d,2024-01-11 12:43:22.137102+00:00,8.7,399311.0,0.0426,False,0.31
2024-01-03 23:32:47.757417+00:00,0xe95688e3,Will Tesla stock hit $300 in 2024?,crypto,NO,BUY,13716.07,0.55,0x000000000000000000000000000000000000000000000000000000000001872b,2024-01-12 18:26:34.395856+00:00,8.79,436757.0,0.059,False,0.42
2024-01-04 13:56:46.607333+00:00,0xe99adeff,Will US enter recession in 2024?,politics,NO,BUY,47244.21,0.55,0x000000000000000000000000000000000000000000000000000000000001871f,2024-01-14 07:15:43.958898+00:00,9.72,336353.0,0.03,True,0.24
2024-01-05 09:12:18.210101+00:00,0xd8f8c93e,Will Cardano (ADA) hit $1 before April 2024?,crypto,NO,BUY,53054.5,0.55,0x0000000000000000000000000000000000000000000000000000000000018723,2024-01-11 23:41:38.309436+00:00,6.6,442211.0,0.0342,True,0.25
2024-01-05 12:39:54.296984+00:00,0xde2f662e,"Will NVDA hit $1,000 before June 2024?",crypto,YES,BUY,16471.09,0.45,0x000000000000000000000000000000000000000000000000000000000001871b,2024-01-15 00:16:59.341787+00:00,9.48,59294.0,0.0581,True,0.55
2024-01-08 09:27:50.314456+00:00,0xbad2d677,Will Trump win 2024 presidential election?,politics,YES,BUY,16168.3,0.45,0x000000000000000000000000000000000000000000000000000000000001872f,2024-01-13 21:57:31.912799+00:00,5.52,365385.0,0.0305,True,0.52
2024-01-08 14:52:51.036854+00:00,0xbc231af9,Will there be a major exchange hack >$100M in 2024?,crypto,NO,SELL,1584.44,0.0267,0x000000000000000000000000000000000000000000000000000000000001872a,2024-01-08 06:50:46.469168+00:00,0.0,,,False,0.35
2024-01-09 07:57:03.544848+00:00,0xb4c5a284,Will SEC approve spot ETH ETF in 2024?,crypto,NO,SELL,49938.46,0.9556,0x0000000000000000000000000000000000000000000000000000000000018738,2024-01-08 20:55:17.265993+00:00,0.0,,,True,0.35
2024-01-09 14:22:15.914572+00:00,0xea74c4be,Will BTC halving occur before April 20 2024?,crypto,YES,SELL,113756.05,0.9689,0x0000000000000000000000000000000000000000000000000000000000018728,2024-01-09 06:13:01.424762+00:00,0.0,,,True,0.85
2024-01-11 04:08:05.129546+00:00,0xf89981bb,Will US enter recession in 2024?,politics,NO,BUY,60037.89,0.55,0x0000000000000000000000000000000000000000000000000000000000018725,2024-01-19 08:47:11.488540+00:00,8.19,70029.0,0.0574,False,0.24
2024-01-11 16:34:58.896968+00:00,0xc88f5fc2,Will Israel-Hamas ceasefire happen by March 2024?,politics,NO,SELL,2874.45,0.0403,0x000000000000000000000000000000000000000000000000000000000001872e,2024-01-11 12:43:22.137102+00:00,0.0,,,False,0.31
2024-01-12 02:22:16.037367+00:00,0xd8f8c93e,Will Cardano (ADA) hit $1 before April 2024?,crypto,NO,SELL,92941.84,0.9635,0x0000000000000000000000000000000000000000000000000000000000018724,2024-01-11 23:41:38.309436+00:00,0.0,,,True,0.25
2024-01-12 23:08:07.515462+00:00,0xe95688e3,Will Tesla stock hit $300 in 2024?,crypto,NO,SELL,847.9,0.034,0x000000000000000000000000000000000000000000000000000000000001872c,2024-01-12 18:26:34.395856+00:00,0.0,,,False,0.42
2024-01-14 06:38:41.155441+00:00,0xbad2d677,Will Trump win 2024 presidential election?,politics,YES,SELL,34596.57,0.9629,0x0000000000000000000000000000000000000000000000000000000000018730,2024-01-13 21:57:31.912799+00:00,0.0,,,True,0.52
2024-01-14 16:57:46.831020+00:00,0xe99adeff,Will US enter recession in 2024?,politics,NO,SELL,83373.15,0.9706,0x0000000000000000000000000000000000000000000000000000000000018720,2024-01-14 07:15:43.958898+00:00,0.0,,,True,0.24
2024-01-15 10:42:30.071483+00:00,0xde2f662e,"Will NVDA hit $1,000 before June 2024?",crypto,YES,SELL,35325.0,0.9651,0x000000000000000000000000000000000000000000000000000000000001871c,2024-01-15 00:16:59.341787+00:00,0.0,,,True,0.55
2024-01-18 11:46:22.467544+00:00,0xb43df8de,Will BTC halving occur before April 20 2024?,crypto,YES,BUY,5946.68,0.8855,0x0000000000000000000000000000000000000000000000000000000000018731,2024-01-23 17:10:58.358870+00:00,5.23,431781.0,0.029,True,0.85
2024-01-19 16:58:22.830052+00:00,0xf5d0d81f,Will BTC reach ATH in 2024?,crypto,YES,BUY,41201.34,0.45,0x000000000000000000000000000000000000000000000000000000000001871d,2024-01-29 06:20:34.239674+00:00,9.56,459295.0,0.0191,True,0.74
2024-01-19 17:24:16.335385+00:00,0xf89981bb,Will US enter recession in 2024?,politics,NO,SELL,3482.2,0.0319,0x0000000000000000000000000000000000000000000000000000000000018726,2024-01-19 08:47:11.488540+00:00,0.0,,,False,0.24
2024-01-22 20:15:56.265588+00:00,0xac72162e,Will Israel-Hamas ceasefire happen by March 2024?,politics,NO,BUY,48403.32,0.55,0x0000000000000000000000000000000000000000000000000000000000018745,2024-01-26 05:23:19.256115+00:00,3.38,195165.0,0.0437,True,0.31
2024-01-23 00:21:44.121195+00:00,0xff0a0f82,Will Zelensky remain president through 2024?,politics,YES,BUY,52998.42,0.45,0x000000000000000000000000000000000000000000000000000000000001873f,2024-01-30 03:25:37.042431+00:00,7.13,78735.0,0.0555,True,0.78
2024-01-23 22:37:22.168350+00:00,0xb43df8de,Will BTC halving occur before April 20 2024?,crypto,YES,SELL,6451.69,0.9607,0x0000000000000000000000000000000000000000000000000000000000018732,2024-01-23 17:10:58.358870+00:00,0.0,,,True,0.85
2024-01-26 12:18:53.496672+00:00,0xac72162e,Will Israel-Hamas ceasefire happen by March 2024?,politics,NO,SELL,85638.67,0.9731,0x0000000000000000000000000000000000000000000000000000000000018746,2024-01-26 05:23:19.256115+00:00,0.0,,,True,0.31
2024-01-26 13:51:41.434394+00:00,0xd41b57ec,Will BTC reach ATH in 2024?,crypto,YES,BUY,116541.5,0.45,0x0000000000000000000000000000000000000000000000000000000000018753,2024-01-27 17:16:12.804932+00:00,1.14,302928.0,0.0326,True,0.74
2024-01-27 21:47:49.564514+00:00,0xd41b57ec,Will BTC reach ATH in 2024?,crypto,YES,SELL,256391.3,0.99,0x0000000000000000000000000000000000000000000000000000000000018754,2024-01-27 17:16:12.804932+00:00,0.0,,,True,0.74
2024-01-29 14:21:43.231524+00:00,0xf5d0d81f,Will BTC reach ATH in 2024?,crypto,YES,SELL,89443.53,0.9769,0x000000000000000000000000000000000000000000000000000000000001871e,2024-01-29 06:20:34.239674+00:00,0.0,,,True,0.74
2024-01-30 08:02:08.018080+00:00,0xfd33af50,Will Trump be convicted before election?,politics,NO,BUY,25.0,0.55,0x000000000000000000000000000000000000000000000000000000000001874d,2024-02-03 13:30:32.797007+00:00,4.23,326227.0,0.0399,False,0.48
2024-01-30 08:57:48.455416+00:00,0xff0a0f82,Will Zelensky remain president through 2024?,politics,YES,SELL,114064.38,0.9685,0x0000000000000000000000000000000000000000000000000000000000018740,2024-01-30 03:25:37.042431+00:00,0.0,,,True,0.78
2024-01-31 17:22:05.530034+00:00,0xf0a0ed89,"Will NVDA hit $1,000 before June 2024?",crypto,YES,BUY,23714.08,0.45,0x0000000000000000000000000000000000000000000000000000000000018739,2024-02-03 03:29:27.373757+00:00,2.42,424972.0,0.02,True,0.55
2024-02-01 06:34:18.412982+00:00,0xd605057e,"Will NVDA hit $1,000 before June 2024?",crypto,YES,BUY,16537.32,0.5106,0x0000000000000000000000000000000000000000000000000000000000018743,2024-02-09 12:17:09.635001+00:00,8.24,425186.0,0.0379,True,0.55
2024-02-02 03:57:25.392071+00:00,0xfe7e7b1b,Will Japan exit negative interest rates in 2024?,politics,YES,BUY,62555.48,0.45,0x000000000000000000000000000000000000000000000000000000000001874b,2024-02-04 01:20:44.615222+00:00,1.89,429893.0,0.015,False,0.6
2024-02-03 09:35:02.372441+00:00,0xf0a0ed89,"Will NVDA hit $1,000 before June 2024?",crypto,YES,SELL,51359.43,0.9746,0x000000000000000000000000000000000000000000000000000000000001873a,2024-02-03 03:29:27.373757+00:00,0.0,,,True,0.55
2024-02-03 16:06:50.910642+00:00,0xfd33af50,Will Trump be convicted before election?,politics,NO,SELL,1.86,0.041,0x000000000000000000000000000000000000000000000000000000000001874e,2024-02-03 13:30:32.797007+00:00,0.0,,,False,0.48
2024-02-04 10:19:41.725197+00:00,0xfe7e7b1b,Will Japan exit negative interest rates in 2024?,politics,YES,SELL,3350.19,0.0241,0x000000000000000000000000000000000000000000000000000000000001874c,2024-02-04 01:20:44.615222+00:00,0.0,,,False,0.6
2024-02-04 14:31:43.934988+00:00,0xb850d07f,Will there be a US government shutdown in March?,politics,NO,BUY,22722.44,0.4659,0x000000000000000000000000000000000000000000000000000000000001873b,2024-02-07 17:45:55.088807+00:00,3.13,148123.0,0.0383,False,0.45
2024-02-05 17:29:45.795223+00:00,0xf2863272,Will Macron resign before 2025?,politics,NO,BUY,72768.89,0.185,0x0000000000000000000000000000000000000000000000000000000000018747,2024-02-09 16:20:43.479964+00:00,3.95,71588.0,0.0123,True,0.12
2024-02-08 02:44:56.319276+00:00,0xb850d07f,Will there be a US government shutdown in March?,politics,NO,SELL,1497.27,0.0307,0x000000000000000000000000000000000000000000000000000000000001873c,2024-02-07 17:45:55.088807+00:00,0.0,,,False,0.45
2024-02-09 15:33:10.502381+00:00,0xd605057e,"Will NVDA hit $1,000 before June 2024?",crypto,YES,SELL,31691.67,0.9785,0x0000000000000000000000000000000000000000000000000000000000018744,2024-02-09 12:17:09.635001+00:00,0.0,,,True,0.55
2024-02-09 16:47:55.925785+00:00,0xb0f114f1,Will there be a major exchange hack >$100M in 2024?,crypto,NO,BUY,30629.18,0.55,0x000000000000000000000000000000000000000000000000000000000001873d,2024-02-18 21:29:31.668997+00:00,9.2,121217.0,0.0195,False,0.35
2024-02-09 19:06:09.531116+00:00,0xf2863272,Will Macron resign before 2025?,politics,NO,SELL,378280.22,0.9617,0x0000000000000000000000000000000000000000000000000000000000018748,2024-02-09 16:20:43.479964+00:00,0.0,,,True,0.12
2024-02-10 06:23:05.996228+00:00,0xc9d743f1,Will US unemployment exceed 5% in 2024?,politics,NO,BUY,96634.48,0.55,0x000000000000000000000000000000000000000000000000000000000001874f,2024-02-20 03:58:13.131133+00:00,9.9,128004.0,0.0487,True,0.18
2024-02-10 21:03:17.865511+00:00,0xc1255fba,Will Japan exit negative interest rates in 2024?,politics,YES,BUY,36429.29,0.45,0x0000000000000000000000000000000000000000000000000000000000018741,2024-02-13 16:25:35.897831+00:00,2.81,458314.0,0.0572,True,0.6
2024-02-12 23:48:16.601324+00:00,0xb9870933,Will there be a US government shutdown in March?,politics,NO,BUY,59116.1,0.4052,0x0000000000000000000000000000000000000000000000000000000000018749,2024-02-14 20:47:53.099452+00:00,1.87,218276.0,0.0471,False,0.45
2024-02-14 02:07:57.029249+00:00,0xb036fc47,Will Macron resign before 2025?,politics,NO,BUY,133634.25,0.55,0x0000000000000000000000000000000000000000000000000000000000018755,2024-02-21 15:13:01.183844+00:00,7.55,425940.0,0.0313,False,0.12
2024-02-14 04:06:48.691503+00:00,0xc1255fba,Will Japan exit negative interest rates in 2024?,politics,YES,SELL,78355.36,0.9679,0x0000000000000000000000000000000000000000000000000000000000018742,2024-02-13 16:25:35.897831+00:00,0.0,,,True,0.6
2024-02-15 00:40:53.410960+00:00,0xb9870933,Will there be a US government shutdown in March?,politics,NO,SELL,5266.76,0.0361,0x000000000000000000000000000000000000000000000000000000000001874a,2024-02-14 20:47:53.099452+00:00,0.0,,,False,0.45
2024-02-16 12:30:40.480085+00:00,0xab06ea51,Will Macron resign before 2025?,politics,NO,BUY,106122.23,0.55,0x0000000000000000000000000000000000000000000000000000000000018751,2024-02-20 00:24:09.400316+00:00,3.5,78925.0,0.0279,True,0.12
2024-02-19 02:17:53.331206+00:00,0xb0f114f1,Will there be a major exchange hack >$100M in 2024?,crypto,NO,SELL,2556.14,0.0459,0x000000000000000000000000000000000000000000000000000000000001873e,2024-02-18 21:29:31.668997+00:00,0.0,,,False,0.35
2024-02-19 17:14:44.244328+00:00,0xb470cca6,Will SEC approve spot ETH ETF in 2024?,crypto,NO,BUY,397664.88,0.2886,0x0000000000000000000000000000000000000000000000000000000000018771,2024-02-25 07:30:36.046388+00:00,5.59,410293.0,0.0218,False,0.35
2024-02-19 20:48:27.836900+00:00,0xb75be136,Will Japan exit negative interest rates in 2024?,politics,YES,BUY,57862.12,0.5282,0x0000000000000000000000000000000000000000000000000000000000018759,2024-02-28 00:06:59.358896+00:00,8.14,445724.0,0.0307,True,0.6
2024-02-20 07:11:47.938479+00:00,0xb50157ae,Will Fed cut rates in March 2024?,politics,NO,BUY,117598.14,0.3299,0x0000000000000000000000000000000000000000000000000000000000018757,2024-02-24 04:46:22.089514+00:00,3.9,304735.0,0.0247,True,0.28
2024-02-20 10:22:17.594146+00:00,0xab06ea51,Will Macron resign before 2025?,politics,NO,SELL,186910.19,0.9687,0x0000000000000000000000000000000000000000000000000000000000018752,2024-02-20 00:24:09.400316+00:00,0.0,,,True,0.12
2024-02-20 13:56:28.659281+00:00,0xc9d743f1,Will US unemployment exceed 5% in 2024?,politics,NO,SELL,170463.22,0.9702,0x0000000000000000000000000000000000000000000000000000000000018750,2024-02-20 03:58:13.131133+00:00,0.0,,,True,0.18
2024-02-21 18:39:12.344677+00:00,0xb036fc47,Will Macron resign before 2025?,politics,NO,SELL,9208.61,0.0379,0x0000000000000000000000000000000000000000000000000000000000018756,2024-02-21 15:13:01.183844+00:00,0.0,,,False,0.12
2024-02-24 06:33:18.965307+00:00,0xb1089e01,Will Macron resign before 2025?,politics,NO,BUY,297448.74,0.55,0x0000000000000000000000000000000000000000000000000000000000018767,2024-03-02 08:07:57.034680+00:00,7.07,70201.0,0.0315,True,0.12
2024-02-24 12:01:33.934648+00:00,0xb50157ae,Will Fed cut rates in March 2024?,politics,NO,SELL,345736.39,0.9699,0x0000000000000000000000000000000000000000000000000000000000018758,2024-02-24 04:46:22.089514+00:00,0.0,,,True,0.28
2024-02-24 23:27:34.855293+00:00,0xcda48629,Will SEC approve spot ETH ETF in 2024?,crypto,NO,BUY,124524.8,0.55,0x0000000000000000000000000000000000000000000000000000000000018763,2024-03-03 07:14:33.421073+00:00,7.32,83809.0,0.0417,True,0.35
2024-02-25 01:28:16.229883+00:00,0xdfe9261b,Will Israel-Hamas ceasefire happen by March 2024?,politics,NO,BUY,152464.34,0.388,0x000000000000000000000000000000000000000000000000000000000001875b,2024-03-03 15:04:02.915820+00:00,7.57,59244.0,0.0143,True,0.31
2024-02-25 11:18:57.158572+00:00,0xb470cca6,Will SEC approve spot ETH ETF in 2024?,crypto,NO,SELL,43817.54,0.0318,0x0000000000000000000000000000000000000000000000000000000000018772,2024-02-25 07:30:36.046388+00:00,0.0,,,False,0.35
2024-02-28 02:19:54.944153+00:00,0xee90db50,Will there be a major exchange hack >$100M in 2024?,crypto,NO,BUY,231861.73,0.3372,0x0000000000000000000000000000000000000000000000000000000000018765,2024-03-02 00:48:02.271667+00:00,2.94,56204.0,0.0126,True,0.35
2024-02-28 10:27:34.967304+00:00,0xb75be136,Will Japan exit negative interest rates in 2024?,politics,YES,SELL,105514.57,0.9632,0x000000000000000000000000000000000000000000000000000000000001875a,2024-02-28 00:06:59.358896+00:00,0.0,,,True,0.6
2024-03-02 04:42:42.357711+00:00,0xee90db50,Will there be a major exchange hack >$100M in 2024?,crypto,NO,SELL,660104.57,0.96,0x0000000000000000000000000000000000000000000000000000000000018766,2024-03-02 00:48:02.271667+00:00,0.0,,,True,0.35
2024-03-02 13:15:06.032686+00:00,0xb1089e01,Will Macron resign before 2025?,politics,NO,SELL,520102.64,0.9617,0x0000000000000000000000000000000000000000000000000000000000018768,2024-03-02 08:07:57.034680+00:00,0.0,,,True,0.12
2024-03-03 03:55:19.408357+00:00,0xda5ce467,Will there be a major exchange hack >$100M in 2024?,crypto,NO,BUY,97850.15,0.55,0x000000000000000000000000000000000000000000000000000000000001875d,2024-03-11 11:15:51.204589+00:00,8.31,337690.0,0.0475,True,0.35
2024-03-03 09:56:12.930393+00:00,0xcda48629,Will SEC approve spot ETH ETF in 2024?,crypto,NO,SELL,221563.58,0.9786,0x0000000000000000000000000000000000000000000000000000000000018764,2024-03-03 07:14:33.421073+00:00,0.0,,,True,0.35
2024-03-03 21:36:48.568301+00:00,0xdfe9261b,Will Israel-Hamas ceasefire happen by March 2024?,politics,NO,SELL,377899.37,0.9617,0x000000000000000000000000000000000000000000000000000000000001875c,2024-03-03 15:04:02.915820+00:00,0.0,,,True,0.31
2024-03-04 05:28:25.708912+00:00,0xb13fc8f7,Will there be a major exchange hack >$100M in 2024?,crypto,NO,BUY,103039.27,0.55,0x000000000000000000000000000000000000000000000000000000000001875f,2024-03-13 22:38:52.479954+00:00,9.72,425006.0,0.0284,True,0.35
2024-03-05 17:44:46.876141+00:00,0xf695d2b0,Will Tesla stock hit $300 in 2024?,crypto,NO,BUY,7704.82,0.6039,0x0000000000000000000000000000000000000000000000000000000000018769,2024-03-11 02:51:32.505157+00:00,5.38,117448.0,0.0169,True,0.42
2024-03-08 02:24:30.031354+00:00,0xba05a5ab,Will US unemployment exceed 5% in 2024?,politics,NO,BUY,327259.23,0.55,0x000000000000000000000000000000000000000000000000000000000001876b,2024-03-09 04:04:40.806702+00:00,1.07,406007.0,0.0136,True,0.18
2024-03-08 22:06:56.086354+00:00,0xc0df374d,Will Ukraine receive F-16s before Jan 2025?,politics,YES,BUY,349945.1,0.45,0x0000000000000000000000000000000000000000000000000000000000018773,2024-03-15 08:14:01.537302+00:00,6.42,383540.0,0.0324,True,0.72
2024-03-09 14:45:03.383054+00:00,0xba05a5ab,Will US unemployment exceed 5% in 2024?,politics,NO,SELL,577225.78,0.9701,0x000000000000000000000000000000000000000000000000000000000001876c,2024-03-09 04:04:40.806702+00:00,0.0,,,True,0.18
2024-03-11 07:42:43.259216+00:00,0xf695d2b0,Will Tesla stock hit $300 in 2024?,crypto,NO,SELL,12426.72,0.974,0x000000000000000000000000000000000000000000000000000000000001876a,2024-03-11 02:51:32.505157+00:00,0.0,,,True,0.42
2024-03-11 15:09:49.056024+00:00,0xc79cc7f8,Will BTC reach ATH in 2024?,crypto,YES,BUY,201046.22,0.45,0x0000000000000000000000000000000000000000000000000000000000018761,2024-03-19 21:31:24.394232+00:00,8.26,465606.0,0.0515,True,0.74
2024-03-11 21:59:52.469254+00:00,0xda5ce467,Will there be a major exchange hack >$100M in 2024?,crypto,NO,SELL,171113.23,0.9618,0x000000000000000000000000000000000000000000000000000000000001875e,2024-03-11 11:15:51.204589+00:00,0.0,,,True,0.35
2024-03-12 22:09:16.824107+00:00,0xe58e7486,Will Macron resign before 2025?,politics,NO,BUY,362112.06,0.55,0x000000000000000000000000000000000000000000000000000000000001876f,2024-03-21 09:52:20.174112+00:00,8.49,165483.0,0.027,True,0.12
2024-03-13 15:24:57.058104+00:00,0xe2800b39,Will Trump win 2024 presidential election?,politics,YES,BUY,25353.54,0.5278,0x000000000000000000000000000000000000000000000000000000000001876d,2024-03-14 19:27:50.476953+00:00,1.17,70859.0,0.011,True,0.52
2024-03-14 08:22:08.130594+00:00,0xb13fc8f7,Will there be a major exchange hack >$100M in 2024?,crypto,NO,SELL,180843.29,0.9653,0x0000000000000000000000000000000000000000000000000000000000018760,2024-03-13 22:38:52.479954+00:00,0.0,,,True,0.35
2024-03-15 00:58:54.465235+00:00,0xe2800b39,Will Trump win 2024 presidential election?,politics,YES,SELL,46604.78,0.9702,0x000000000000000000000000000000000000000000000000000000000001876e,2024-03-14 19:27:50.476953+00:00,0.0,,,True,0.52
2024-03-15 19:30:20.308472+00:00,0xc0df374d,Will Ukraine receive F-16s before Jan 2025?,politics,YES,SELL,749660.17,0.964,0x0000000000000000000000000000000000000000000000000000000000018774,2024-03-15 08:14:01.537302+00:00,0.0,,,True,0.72
2024-03-16 10:02:07.174419+00:00,0xd26571c4,Will Fed cut rates in March 2024?,politics,NO,BUY,440667.84,0.3073,0x0000000000000000000000000000000000000000000000000000000000018777,2024-03-21 13:46:18.131880+00:00,5.16,303129.0,0.0292,True,0.28
2024-03-18 10:31:40.934639+00:00,0xf899c879,Will Trump be convicted before election?,politics,NO,BUY,35630.51,0.5374,0x0000000000000000000000000000000000000000000000000000000000018791,2024-03-24 04:31:36.057617+00:00,5.75,68766.0,0.0553,True,0.48
2024-03-20 02:05:17.363152+00:00,0xb5754c01,Will XRP win SEC lawsuit in 2024?,crypto,YES,BUY,328169.43,0.4385,0x000000000000000000000000000000000000000000000000000000000001877b,2024-03-25 15:04:14.666719+00:00,5.54,195833.0,0.0241,True,0.58
2024-03-20 02:29:27.387613+00:00,0xc79cc7f8,Will BTC reach ATH in 2024?,crypto,YES,SELL,430149.56,0.9628,0x0000000000000000000000000000000000000000000000000000000000018762,2024-03-19 21:31:24.394232+00:00,0.0,,,True,0.74
2024-03-21 15:28:11.025705+00:00,0xe58e7486,Will Macron resign before 2025?,politics,NO,SELL,651801.71,0.99,0x0000000000000000000000000000000000000000000000000000000000018770,2024-03-21 09:52:20.174112+00:00,0.0,,,True,0.12
2024-03-21 21:44:34.316200+00:00,0xd26571c4,Will Fed cut rates in March 2024?,politics,NO,SELL,1404601.85,0.9795,0x0000000000000000000000000000000000000000000000000000000000018778,2024-03-21 13:46:18.131880+00:00,0.0,,,True,0.28
2024-03-21 22:18:24.402845+00:00,0xfb8de645,Will Biden drop out of 2024 race by July?,politics,YES,BUY,601847.29,0.3844,0x0000000000000000000000000000000000000000000000000000000000018793,2024-03-27 13:37:40.570656+00:00,5.64,337220.0,0.0143,True,0.55
2024-03-23 06:39:08.420959+00:00,0xe30f7eec,Will BTC reach ATH in 2024?,crypto,NO,BUY,25.0,0.8343,0x0000000000000000000000000000000000000000000000000000000000018789,2024-03-28 10:22:30.772195+00:00,5.16,82123.0,0.0225,False,0.74
2024-03-23 21:59:15.191514+00:00,0xbd5bbe61,Will US unemployment exceed 5% in 2024?,politics,NO,BUY,949781.13,0.55,0x000000000000000000000000000000000000000000000000000000000001878f,2024-03-26 03:42:32.630930+00:00,2.24,53424.0,0.0228,True,0.18
2024-03-24 12:39:19.358936+00:00,0xf899c879,Will Trump be convicted before election?,politics,NO,SELL,64359.02,0.9707,0x0000000000000000000000000000000000000000000000000000000000018792,2024-03-24 04:31:36.057617+00:00,0.0,,,True,0.48
2024-03-24 23:50:21.079587+00:00,0xfbfb748f,Will US enter recession in 2024?,politics,NO,BUY,401270.38,0.55,0x0000000000000000000000000000000000000000000000000000000000018775,2024-04-03 20:55:48.322146+00:00,9.88,401220.0,0.0396,True,0.24
2024-03-25 21:23:41.737088+00:00,0xb5754c01,Will XRP win SEC lawsuit in 2024?,crypto,YES,SELL,713141.73,0.9529,0x000000000000000000000000000000000000000000000000000000000001877c,2024-03-25 15:04:14.666719+00:00,0.0,,,True,0.58
2024-03-26 14:07:28.955641+00:00,0xbd5bbe61,Will US unemployment exceed 5% in 2024?,politics,NO,SELL,1670405.98,0.9673,0x0000000000000000000000000000000000000000000000000000000000018790,2024-03-26 03:42:32.630930+00:00,0.0,,,True,0.18
2024-03-27 00:17:48.806565+00:00,0xd7693422,Will Dogecoin reach $0.50 in 2024?,crypto,NO,BUY,864866.92,0.55,0x000000000000000000000000000000000000000000000000000000000001878d,2024-04-05 09:16:43.777098+00:00,9.37,169562.0,0.015,True,0.22
2024-03-28 01:23:04.629863+00:00,0xfb8de645,Will Biden drop out of 2024 race by July?,politics,YES,SELL,1517769.93,0.9694,0x0000000000000000000000000000000000000000000000000000000000018794,2024-03-27 13:37:40.570656+00:00,0.0,,,True,0.55
2024-03-28 18:55:49.919686+00:00,0xe30f7eec,Will BTC reach ATH in 2024?,crypto,NO,SELL,1.52,0.0506,0x000000000000000000000000000000000000000000000000000000000001878a,2024-03-28 10:22:30.772195+00:00,0.0,,,False,0.74
2024-04-01 20:56:15.349581+00:00,0xc91163b6,Will there be a major exchange hack >$100M in 2024?,crypto,NO,BUY,944637.65,0.2901,0x0000000000000000000000000000000000000000000000000000000000018787,2024-04-11 14:22:07.447592+00:00,9.73,453428.0,0.0197,False,0.35
2024-04-01 22:37:00.416340+00:00,0xd5c5184a,Will Tesla stock hit $300 in 2024?,crypto,NO,BUY,21562.4,0.6041,0x0000000000000000000000000000000000000000000000000000000000018785,2024-04-10 19:55:03.436269+00:00,8.89,364774.0,0.0122,False,0.42
2024-04-01 23:58:36.872116+00:00,0xf731862d,Will US unemployment exceed 5% in 2024?,politics,NO,BUY,639969.72,0.55,0x000000000000000000000000000000000000000000000000000000000001877d,2024-04-03 11:17:16.298552+00:00,1.47,428010.0,0.0582,True,0.18
2024-04-03 11:20:15.233680+00:00,0xd5559b7c,Will BTC halving occur before April 20 2024?,crypto,YES,BUY,588923.26,0.802,0x000000000000000000000000000000000000000000000000000000000001877f,2024-04-05 04:56:31.179119+00:00,1.73,358784.0,0.0142,True,0.85
2024-04-03 14:06:38.660162+00:00,0xd4b5850b,Will US enter recession in 2024?,politics,NO,BUY,720250.52,0.55,0x0000000000000000000000000000000000000000000000000000000000018781,2024-04-11 21:45:31.148056+00:00,8.32,220352.0,0.0281,True,0.24
2024-04-03 19:28:25.638672+00:00,0xf731862d,Will US unemployment exceed 5% in 2024?,politics,NO,SELL,1110172.93,0.9541,0x000000000000000000000000000000000000000000000000000000000001877e,2024-04-03 11:17:16.298552+00:00,0.0,,,True,0.18
2024-04-04 02:42:31.445360+00:00,0xfbfb748f,Will US enter recession in 2024?,politics,NO,SELL,708789.41,0.9715,0x0000000000000000000000000000000000000000000000000000000000018776,2024-04-03 20:55:48.322146+00:00,0.0,,,True,0.24
2024-04-04 10:26:26.055554+00:00,0xf1a530ed,Will ChatGPT-5 be released before July 2024?,crypto,NO,BUY,342108.02,0.55,0x000000000000000000000000000000000000000000000000000000000001878b,2024-04-13 20:14:52.723142+00:00,9.41,418058.0,0.0146,True,0.38
2024-04-05 12:42:27.525862+00:00,0xd5559b7c,Will BTC halving occur before April 20 2024?,crypto,YES,SELL,712655.89,0.9705,0x0000000000000000000000000000000000000000000000000000000000018780,2024-04-05 04:56:31.179119+00:00,0.0,,,True,0.85
2024-04-05 16:54:24.013677+00:00,0xc614aa4a,Will SEC approve spot ETH ETF in 2024?,crypto,NO,BUY,731193.77,0.3596,0x0000000000000000000000000000000000000000000000000000000000018783,2024-04-09 18:43:15.085251+00:00,4.08,276789.0,0.0469,True,0.35
2024-04-05 18:32:23.956757+00:00,0xd7693422,Will Dogecoin reach $0.50 in 2024?,crypto,NO,SELL,1541979.09,0.9806,0x000000000000000000000000000000000000000000000000000000000001878e,2024-04-05 09:16:43.777098+00:00,0.0,,,True,0.22
2024-04-06 12:09:51.856676+00:00,0xedffea73,Will Fed cut rates in March 2024?,politics,NO,BUY,975420.49,0.55,0x0000000000000000000000000000000000000000000000000000000000018795,2024-04-12 09:41:09.988716+00:00,5.9,196052.0,0.0474,True,0.28
2024-04-07 07:30:17.014080+00:00,0xafea3b76,Will there be a major exchange hack >$100M in 2024?,crypto,NO,BUY,302251.36,0.55,0x0000000000000000000000000000000000000000000000000000000000018779,2024-04-12 08:38:49.942039+00:00,5.05,65198.0,0.055,True,0.35
2024-04-10 02:10:32.018368+00:00,0xc614aa4a,Will SEC approve spot ETH ETF in 2024?,crypto,NO,SELL,1986789.3,0.9771,0x0000000000000000000000000000000000000000000000000000000000018784,2024-04-09 18:43:15.085251+00:00,0.0,,,True,0.35
2024-04-11 01:48:53.624022+00:00,0xd5c5184a,Will Tesla stock hit $300 in 2024?,crypto,NO,SELL,1188.59,0.0333,0x0000000000000000000000000000000000000000000000000000000000018786,2024-04-10 19:55:03.436269+00:00,0.0,,,False,0.42
2024-04-11 23:16:49.731466+00:00,0xc91163b6,Will there be a major exchange hack >$100M in 2024?,crypto,NO,SELL,101594.95,0.0312,0x0000000000000000000000000000000000000000000000000000000000018788,2024-04-11 14:22:07.447592+00:00,0.0,,,False,0.35
2024-04-12 03:38:22.523496+00:00,0xd4b5850b,Will US enter recession in 2024?,politics,NO,SELL,1268426.64,0.9686,0x0000000000000000000000000000000000000000000000000000000000018782,2024-04-11 21:45:31.148056+00:00,0.0,,,True,0.24
2024-04-12 14:20:39.151572+00:00,0xafea3b76,Will there be a major exchange hack >$100M in 2024?,crypto,NO,SELL,525807.46,0.9568,0x000000000000000000000000000000000000000000000000000000000001877a,2024-04-12 08:38:49.942039+00:00,0.0,,,True,0.35
2024-04-12 15:30:51.153088+00:00,0xedffea73,Will Fed cut rates in March 2024?,politics,NO,SELL,1718690.9,0.9691,0x0000000000000000000000000000000000000000000000000000000000018796,2024-04-12 09:41:09.988716+00:00,0.0,,,True,0.28
2024-04-14 07:23:19.774343+00:00,0xf1a530ed,Will ChatGPT-5 be released before July 2024?,crypto,NO,SELL,607397.24,0.9765,0x000000000000000000000000000000000000000000000000000000000001878c,2024-04-13 20:14:52.723142+00:00,0.0,,,True,0.38
2024-04-14 15:26:48.827641+00:00,0xe2c00c10,Will Macron resign before 2025?,politics,NO,BUY,1804749.26,0.55,0x00000000000000000000000000000000000000000000000000000000000187a3,2024-04-15 22:57:48.503446+00:00,1.31,344345.0,0.0574,True,0.12
2024-04-16 04:56:05.285806+00:00,0xe2c00c10,Will Macron resign before 2025?,politics,NO,SELL,3163889.52,0.9642,0x00000000000000000000000000000000000000000000000000000000000187a4,2024-04-15 22:57:48.503446+00:00,0.0,,,True,0.12
2024-04-20 17:16:45.003822+00:00,0xf95d740a,Will ChatGPT-5 be released before July 2024?,crypto,NO,BUY,781188.17,0.55,0x00000000000000000000000000000000000000000000000000000000000187a1,2024-04-30 16:52:46.908650+00:00,9.98,344514.0,0.0576,False,0.38
2024-04-21 02:20:44.047018+00:00,0xc1c332b3,Will Macron resign before 2025?,politics,NO,BUY,1728759.13,0.55,0x000000000000000000000000000000000000000000000000000000000001879f,2024-04-27 00:10:04.938393+00:00,5.91,349536.0,0.0276,True,0.12
2024-04-23 18:42:31.895580+00:00,0xe2f34a3e,Will Israel-Hamas ceasefire happen by March 2024?,politics,NO,BUY,1264990.74,0.2466,0x000000000000000000000000000000000000000000000000000000000001879d,2024-05-02 19:57:02.011657+00:00,9.05,403557.0,0.0464,True,0.31
2024-04-27 02:58:28.732821+00:00,0xc1c332b3,Will Macron resign before 2025?,politics,NO,SELL,3050159.75,0.9704,0x00000000000000000000000000000000000000000000000000000000000187a0,2024-04-27 00:10:04.938393+00:00,0.0,,,True,0.12
2024-04-27 05:53:28.804852+00:00,0xb48161bb,Will Zelensky remain president through 2024?,politics,YES,BUY,915773.52,0.758,0x00000000000000000000000000000000000000000000000000000000000187a5,2024-05-03 09:51:30.379684+00:00,6.17,202689.0,0.0381,True,0.78
2024-04-27 12:15:04.015191+00:00,0xdda3017c,Will Cardano (ADA) hit $1 before April 2024?,crypto,NO,BUY,1437489.48,0.1711,0x000000000000000000000000000000000000000000000000000000000001879b,2024-05-07 09:54:05.828496+00:00,9.9,175983.0,0.0162,False,0.25
2024-04-29 20:28:06.549808+00:00,0xe3c97a33,Will SOL exceed $200 in Q1 2024?,crypto,NO,BUY,25.0,0.6374,0x00000000000000000000000000000000000000000000000000000000000187a7,2024-05-02 18:48:56.512617+00:00,2.93,360984.0,0.0599,True,0.44
2024-04-30 08:39:22.119324+00:00,0xc98736d4,Will ChatGPT-5 be released before July 2024?,crypto,NO,BUY,517721.67,0.55,0x0000000000000000000000000000000000000000000000000000000000018797,2024-05-07 22:58:17.057604+00:00,7.6,409552.0,0.0188,True,0.38
2024-04-30 20:39:01.367077+00:00,0xf95d740a,Will ChatGPT-5 be released before July 2024?,crypto,NO,SELL,39485.51,0.0278,0x00000000000000000000000000000000000000000000000000000000000187a2,2024-04-30 16:52:46.908650+00:00,0.0,,,False,0.38
2024-05-02 23:06:29.728986+00:00,0xe2f34a3e,Will Israel-Hamas ceasefire happen by March 2024?,politics,NO,SELL,4922486.27,0.9596,0x000000000000000000000000000000000000000000000000000000000001879e,2024-05-02 19:57:02.011657+00:00,0.0,,,True,0.31
2024-05-03 04:59:47.849444+00:00,0xe3c97a33,Will SOL exceed $200 in Q1 2024?,crypto,NO,SELL,38.27,0.9758,0x00000000000000000000000000000000000000000000000000000000000187a8,2024-05-02 18:48:56.512617+00:00,0.0,,,True,0.44
2024-05-03 14:46:17.381627+00:00,0xb48161bb,Will Zelensky remain president through 2024?,politics,YES,SELL,1153536.35,0.9548,0x00000000000000000000000000000000000000000000000000000000000187a6,2024-05-03 09:51:30.379684+00:00,0.0,,,True,0.78
2024-05-04 19:32:27.630407+00:00,0xe7ea826f,Will Dogecoin reach $0.50 in 2024?,crypto,NO,BUY,1308972.21,0.55,0x0000000000000000000000000000000000000000000000000000000000018799,2024-05-11 11:59:45.425624+00:00,6.69,111743.0,0.0121,True,0.22
2024-05-07 15:50:04.571161+00:00,0xdda3017c,Will Cardano (ADA) hit $1 before April 2024?,crypto,NO,SELL,207516.01,0.0247,0x000000000000000000000000000000000000000000000000000000000001879c,2024-05-07 09:54:05.828496+00:00,0.0,,,False,0.25
2024-05-08 08:51:04.225635+00:00,0xc98736d4,Will ChatGPT-5 be released before July 2024?,crypto,NO,SELL,904224.43,0.9606,0x0000000000000000000000000000000000000000000000000000000000018798,2024-05-07 22:58:17.057604+00:00,0.0,,,True,0.38
2024-05-11 06:46:05.238186+00:00,0xc8f75f08,Will BTC halving occur before April 20 2024?,crypto,YES,BUY,2180728.43,0.45,0x00000000000000000000000000000000000000000000000000000000000187ab,2024-05-19 09:29:19.330270+00:00,8.11,56815.0,0.0255,True,0.85
2024-05-11 23:21:22.726691+00:00,0xe7ea826f,Will Dogecoin reach $0.50 in 2024?,crypto,NO,SELL,2331398.5,0.9796,0x000000000000000000000000000000000000000000000000000000000001879a,2024-05-11 11:59:45.425624+00:00,0.0,,,True,0.22
2024-05-12 02:50:53.345899+00:00,0xdea4d701,Will Elon Musk remain Twitter CEO through Dec 2024?,politics,YES,BUY,2330689.85,0.45,0x00000000000000000000000000000000000000000000000000000000000187b7,2024-05-15 19:05:37.924323+00:00,3.68,166603.0,0.0459,True,0.68
2024-05-16 00:55:43.398715+00:00,0xf13b1c73,Will Zelensky remain president through 2024?,politics,YES,BUY,2633095.31,0.45,0x00000000000000000000000000000000000000000000000000000000000187af,2024-05-22 19:07:27.158191+00:00,6.76,89213.0,0.0182,True,0.78
2024-05-16 04:32:31.867849+00:00,0xdea4d701,Will Elon Musk remain Twitter CEO through Dec 2024?,politics,YES,SELL,4979389.38,0.9614,0x00000000000000000000000000000000000000000000000000000000000187b8,2024-05-15 19:05:37.924323+00:00,0.0,,,True,0.68
2024-05-17 15:15:35.871766+00:00,0xfcc527e6,Will Trump win 2024 presidential election?,politics,YES,BUY,1896890.85,0.2909,0x00000000000000000000000000000000000000000000000000000000000187b5,2024-05-25 13:48:02.865741+00:00,7.94,279605.0,0.0421,False,0.52
2024-05-19 21:29:05.334988+00:00,0xc8f75f08,Will BTC halving occur before April 20 2024?,crypto,YES,SELL,4710373.41,0.972,0x00000000000000000000000000000000000000000000000000000000000187ac,2024-05-19 09:29:19.330270+00:00,0.0,,,True,0.85
2024-05-20 22:14:05.238025+00:00,0xddb3255a,Will ChatGPT-5 be released before July 2024?,crypto,NO,BUY,1230501.44,0.55,0x00000000000000000000000000000000000000000000000000000000000187b9,2024-05-23 02:28:48.997472+00:00,2.18,61954.0,0.0245,True,0.38
2024-05-22 22:35:43.172670+00:00,0xabb5f507,Will Trump be convicted before election?,politics,NO,BUY,25.0,0.55,0x00000000000000000000000000000000000000000000000000000000000187bf,2024-05-31 13:35:04.404000+00:00,8.62,291587.0,0.0197,True,0.48
2024-05-23 00:37:18.313750+00:00,0xf13b1c73,Will Zelensky remain president through 2024?,politics,YES,SELL,5762382.8,0.9848,0x00000000000000000000000000000000000000000000000000000000000187b0,2024-05-22 19:07:27.158191+00:00,0.0,,,True,0.78
2024-05-23 08:34:05.215718+00:00,0xddb3255a,Will ChatGPT-5 be released before July 2024?,crypto,NO,SELL,2169038.45,0.9695,0x00000000000000000000000000000000000000000000000000000000000187ba,2024-05-23 02:28:48.997472+00:00,0.0,,,True,0.38
2024-05-25 18:00:52.933014+00:00,0xd7226e91,Will Tesla stock hit $300 in 2024?,crypto,NO,BUY,1093344.4,0.4449,0x00000000000000000000000000000000000000000000000000000000000187a9,2024-06-02 03:16:31.615565+00:00,7.39,190324.0,0.0212,True,0.42
2024-05-25 19:06:03.238284+00:00,0xfcc527e6,Will Trump win 2024 presidential election?,politics,YES,SELL,232139.27,0.0356,0x00000000000000000000000000000000000000000000000000000000000187b6,2024-05-25 13:48:02.865741+00:00,0.0,,,False,0.52
2024-05-31 17:05:08.687487+00:00,0xdc1de0d3,Will Fed cut rates in March 2024?,politics,NO,BUY,3078483.17,0.55,0x00000000000000000000000000000000000000000000000000000000000187c1,2024-06-06 06:00:17.786933+00:00,5.54,206043.0,0.0497,False,0.28
2024-05-31 21:17:43.788344+00:00,0xabb5f507,Will Trump be convicted before election?,politics,NO,SELL,44.35,0.9757,0x00000000000000000000000000000000000000000000000000000000000187c0,2024-05-31 13:35:04.404000+00:00,0.0,,,True,0.48
2024-06-01 07:53:16.460069+00:00,0xe7eee5f5,Will there be a major exchange hack >$100M in 2024?,crypto,NO,BUY,1349809.06,0.55,0x00000000000000000000000000000000000000000000000000000000000187ad,2024-06-07 01:26:17.401265+00:00,5.73,344853.0,0.0272,True,0.35
2024-06-02 15:07:57.796380+00:00,0xd7226e91,Will Tesla stock hit $300 in 2024?,crypto,NO,SELL,2411304.84,0.9812,0x00000000000000000000000000000000000000000000000000000000000187aa,2024-06-02 03:16:31.615565+00:00,0.0,,,True,0.42
2024-06-03 09:28:54.162993+00:00,0xe02f7071,Will Macron resign before 2025?,politics,NO,BUY,3111194.93,0.55,0x00000000000000000000000000000000000000000000000000000000000187bb,2024-06-06 15:06:29.133017+00:00,3.23,256659.0,0.0357,True,0.12
2024-06-05 12:57:14.824721+00:00,0xfcb5e049,Will Cardano (ADA) hit $1 before April 2024?,crypto,NO,BUY,3148492.81,0.55,0x00000000000000000000000000000000000000000000000000000000000187b3,2024-06-08 01:22:46.101920+00:00,2.52,288355.0,0.0513,False,0.25
2024-06-06 00:31:55.047928+00:00,0xea53d447,"Will NVDA hit $1,000 before June 2024?",crypto,YES,BUY,1598822.1,0.4327,0x00000000000000000000000000000000000000000000000000000000000187bd,2024-06-07 05:32:16.937421+00:00,1.21,442935.0,0.0427,True,0.55
2024-06-06 05:42:09.560923+00:00,0xc78635d9,Will XRP win SEC lawsuit in 2024?,crypto,YES,BUY,1600302.04,0.45,0x00000000000000000000000000000000000000000000000000000000000187b1,2024-06-10 08:26:37.109752+00:00,4.11,75708.0,0.0251,True,0.58
2024-06-06 11:39:36.574900+00:00,0xdc1de0d3,Will Fed cut rates in March 2024?,politics,NO,SELL,170715.88,0.0305,0x00000000000000000000000000000000000000000000000000000000000187c2,2024-06-06 06:00:17.786933+00:00,0.0,,,False,0.28
2024-06-06 22:17:46.268540+00:00,0xe02f7071,Will Macron resign before 2025?,politics,NO,SELL,5530007.57,0.9776,0x00000000000000000000000000000000000000000000000000000000000187bc,2024-06-06 15:06:29.133017+00:00,0.0,,,True,0.12
2024-06-07 12:15:59.704106+00:00,0xe7eee5f5,Will there be a major exchange hack >$100M in 2024?,crypto,NO,SELL,2354067.0,0.9592,0x00000000000000000000000000000000000000000000000000000000000187ae,2024-06-07 01:26:17.401265+00:00,0.0,,,True,0.35
2024-06-07 12:27:20.419073+00:00,0xea53d447,"Will NVDA hit $1,000 before June 2024?",crypto,YES,SELL,3611852.56,0.9775,0x00000000000000000000000000000000000000000000000000000000000187be,2024-06-07 05:32:16.937421+00:00,0.0,,,True,0.55
2024-06-08 04:03:06.689662+00:00,0xfcb5e049,Will Cardano (ADA) hit $1 before April 2024?,crypto,NO,SELL,92737.42,0.0162,0x00000000000000000000000000000000000000000000000000000000000187b4,2024-06-08 01:22:46.101920+00:00,0.0,,,False,0.25
2024-06-10 01:50:56.055765+00:00,0xb23ca3be,Will US enter recession in 2024?,politics,YES,BUY,844952.91,0.1594,0x00000000000000000000000000000000000000000000000000000000000187d7,2024-06-19 05:57:47.834878+00:00,9.17,99906.0,0.0541,False,0.24
2024-06-10 15:57:54.110461+00:00,0xc78635d9,Will XRP win SEC lawsuit in 2024?,crypto,YES,SELL,3468743.58,0.9754,0x00000000000000000000000000000000000000000000000000000000000187b2,2024-06-10 08:26:37.109752+00:00,0.0,,,True,0.58
2024-06-12 23:17:10.474052+00:00,0xdd7ab7d4,Will Trump win 2024 presidential election?,politics,YES,BUY,2496583.41,0.3188,0x00000000000000000000000000000000000000000000000000000000000187d9,2024-06-21 01:29:08.659843+00:00,8.09,307350.0,0.0564,True,0.52
2024-06-14 21:43:44.080614+00:00,0xfd01f3de,Will Tesla stock hit $300 in 2024?,crypto,NO,BUY,1011713.47,0.55,0x00000000000000000000000000000000000000000000000000000000000187cd,2024-06-23 03:19:04.288030+00:00,8.23,491396.0,0.0486,False,0.42
2024-06-15 18:03:12.347878+00:00,0xbd69baca,Will Zelensky remain president through 2024?,politics,YES,BUY,3827581.86,0.45,0x00000000000000000000000000000000000000000000000000000000000187d1,2024-06-19 08:47:28.330068+00:00,3.61,113003.0,0.0369,True,0.78
2024-06-17 16:39:10.765019+00:00,0xe941a72c,Will XRP win SEC lawsuit in 2024?,crypto,YES,BUY,2166420.99,0.45,0x00000000000000000000000000000000000000000000000000000000000187cf,2024-06-21 13:08:01.648345+00:00,3.85,199152.0,0.059,False,0.58
2024-06-19 10:03:03.092610+00:00,0xb23ca3be,Will US enter recession in 2024?,politics,YES,SELL,140472.1,0.0265,0x00000000000000000000000000000000000000000000000000000000000187d8,2024-06-19 05:57:47.834878+00:00,0.0,,,False,0.24
2024-06-19 20:08:53.637219+00:00,0xbd69baca,Will Zelensky remain president through 2024?,politics,YES,SELL,8214841.25,0.9658,0x00000000000000000000000000000000000000000000000000000000000187d2,2024-06-19 08:47:28.330068+00:00,0.0,,,True,0.78
2024-06-21 05:56:13.579687+00:00,0xfb359b8c,Will there be a major exchange hack >$100M in 2024?,crypto,NO,BUY,2242437.86,0.55,0x00000000000000000000000000000000000000000000000000000000000187c7,2024-06-22 11:41:34.407387+00:00,1.24,298009.0,0.0185,False,0.35
2024-06-21 07:06:07.715293+00:00,0xdd7ab7d4,Will Trump win 2024 presidential election?,politics,YES,SELL,7579025.8,0.9678,0x00000000000000000000000000000000000000000000000000000000000187da,2024-06-21 01:29:08.659843+00:00,0.0,,,True,0.52
2024-06-21 18:23:53.996402+00:00,0xbd215a53,Will Zelensky remain president through 2024?,politics,YES,BUY,3298782.31,0.45,0x00000000000000000000000000000000000000000000000000000000000187c3,2024-06-24 13:23:41.405097+00:00,2.79,309036.0,0.0358,True,0.78
2024-06-21 23:23:24.773367+00:00,0xe941a72c,Will XRP win SEC lawsuit in 2024?,crypto,YES,SELL,124689.56,0.0259,0x00000000000000000000000000000000000000000000000000000000000187d0,2024-06-21 13:08:01.648345+00:00,0.0,,,False,0.58
2024-06-22 02:26:13.205157+00:00,0xb2a2d54f,Will there be a US government shutdown in March?,politics,NO,BUY,478017.02,0.55,0x00000000000000000000000000000000000000000000000000000000000187cb,2024-06-29 10:53:04.025678+00:00,7.35,237937.0,0.0367,False,0.45
2024-06-22 14:19:41.431008+00:00,0xeb99b28b,Will US unemployment exceed 5% in 2024?,politics,NO,BUY,3782603.71,0.55,0x00000000000000000000000000000000000000000000000000000000000187c5,2024-07-01 01:14:19.257528+00:00,8.45,490251.0,0.0392,True,0.18
2024-06-22 20:07:53.519721+00:00,0xfb359b8c,Will there be a major exchange hack >$100M in 2024?,crypto,NO,SELL,98667.27,0.0242,0x00000000000000000000000000000000000000000000000000000000000187c8,2024-06-22 11:41:34.407387+00:00,0.0,,,False,0.35
2024-06-23 07:36:22.833031+00:00,0xbc428514,"Will ETH reach $4,000 before May 2024?",crypto,NO,BUY,1678548.84,0.5061,0x00000000000000000000000000000000000000000000000000000000000187d5,2024-06-24 08:43:31.925757+00:00,1.05,111736.0,0.0582,True,0.41
2024-06-23 12:29:05.664407+00:00,0xfd01f3de,Will Tesla stock hit $300 in 2024?,crypto,NO,SELL,52241.2,0.0284,0x00000000000000000000000000000000000000000000000000000000000187ce,2024-06-23 03:19:04.288030+00:00,0.0,,,False,0.42
2024-06-24 14:12:31.481542+00:00,0xbc428514,"Will ETH reach $4,000 before May 2024?",crypto,NO,SELL,3149476.35,0.9496,0x00000000000000000000000000000000000000000000000000000000000187d6,2024-06-24 08:43:31.925757+00:00,0.0,,,True,0.41
2024-06-24 18:56:35.904792+00:00,0xbd215a53,Will Zelensky remain president through 2024?,politics,YES,SELL,6989020.12,0.9534,0x00000000000000000000000000000000000000000000000000000000000187c4,2024-06-24 13:23:41.405097+00:00,0.0,,,True,0.78
2024-06-24 19:28:13.748393+00:00,0xcd6e7e0d,Will XRP win SEC lawsuit in 2024?,crypto,YES,BUY,3343704.57,0.331,0x00000000000000000000000000000000000000000000000000000000000187d3,2024-06-27 01:07:17.198046+00:00,2.24,40458.0,0.0307,False,0.58
2024-06-26 03:13:35.857152+00:00,0xdb5413b2,Will Macron resign before 2025?,politics,NO,BUY,3884894.08,0.55,0x00000000000000000000000000000000000000000000000000000000000187c9,2024-06-28 11:08:46.247926+00:00,2.33,349893.0,0.0305,True,0.12
2024-06-27 10:24:29.092470+00:00,0xcd6e7e0d,Will XRP win SEC lawsuit in 2024?,crypto,YES,SELL,269718.77,0.0267,0x00000000000000000000000000000000000000000000000000000000000187d4,2024-06-27 01:07:17.198046+00:00,0.0,,,False,0.58
2024-06-28 20:59:09.290677+00:00,0xdb5413b2,Will Macron resign before 2025?,politics,NO,SELL,6953254.06,0.9844,0x00000000000000000000000000000000000000000000000000000000000187ca,2024-06-28 11:08:46.247926+00:00,0.0,,,True,0.12
2024-06-29 18:31:43.228135+00:00,0xb2a2d54f,Will there be a US government shutdown in March?,politics,NO,SELL,24335.41,0.028,0x00000000000000000000000000000000000000000000000000000000000187cc,2024-06-29 10:53:04.025678+00:00,0.0,,,False,0.45
2024-07-01 11:17:15.103898+00:00,0xeb99b28b,Will US unemployment exceed 5% in 2024?,politics,NO,SELL,6674576.18,0.9705,0x00000000000000000000000000000000000000000000000000000000000187c6,2024-07-01 01:14:19.257528+00:00,0.0,,,True,0.18
